{"stats":{"minecraft:custom":{"minecraft:mob_kills":506,"minecraft:interact_with_anvil":1,"minecraft:interact_with_crafting_table":1,"minecraft:leave_game":7,"minecraft:damage_dealt_resisted":0,"minecraft:time_since_death":12815,"minecraft:climb_one_cm":57,"minecraft:time_since_rest":12545,"minecraft:sprint_one_cm":91952,"minecraft:walk_one_cm":134877,"minecraft:drop":2,"minecraft:fly_one_cm":1769640,"minecraft:open_chest":5,"minecraft:crouch_one_cm":8128,"minecraft:deaths":1,"minecraft:play_time":146689,"tombstone:undead_killed":430,"minecraft:sneak_time":6050,"minecraft:walk_under_water_one_cm":43009,"minecraft:jump":276,"minecraft:walk_on_water_one_cm":19785,"minecraft:total_world_time":155490},"minecraft:killed":{"apocalypsenow:walker_30":3,"zombie_extreme:crawler":2,"apocalypsenow:walker_20":2,"graveyard:skeleton_creeper":1,"apocalypsenow:crawler_3":1,"apocalypsenow:walker_19":29,"zombie_extreme:infected":1,"apocalypsenow:soldiers_02":1,"naturalist:firefly":1,"zombie_extreme:infected_hazmat":1,"apocalypsenow:runner_40":3,"rottencreatures:dead_beard":1,"apocalypsenow:looter_1":4,"apocalypsenow:crawler_4":1,"minecraft:salmon":10,"apocalypsenow:runner_37":5,"apocalypsenow:military_02":3,"apocalypsenow:runner_52":2,"minecraft:spider":6,"apocalypsenow:horde_5":1,"apocalypsenow:walker_11":1,"apocalypsenow:walker_23":2,"mutantmonsters:mutant_skeleton":1,"minecraft:cod":21,"apocalypsenow:walker_7":1,"apocalypsenow:runner_39":2,"apocalypsenow:runner_50":20,"apocalypsenow:runner_54":6,"apocalypsenow:runner_35":52,"apocalypsenow:walker_32":1,"minecraft:creeper":1,"minecraft:squid":3,"apocalypsenow:horde_2":1,"apocalypsenow:walker_3":2,"apocalypsenow:walker_5":1,"apocalypsenow:walker_14":2,"zombie_extreme:chainsaw":1,"apocalypsenow:walker_26":52,"minecraft:skeleton":1,"apocalypsenow:cannibal":1,"apocalypsenow:walker_27":9,"apocalypsenow:horde_3":1,"apocalypsenow:walker_25":1,"kevin_trophy:crawler_zombie":1,"minecraft:zombie":2,"apocalypsenow:walker_16":2,"apocalypsenow:walker_12":17,"apocalypsenow:walker_13":12,"apocalypsenow:walker_15":24,"apocalypsenow:walker_17":9,"apocalypsenow:runner_42":15,"apocalypsenow:runner_41":1,"apocalypsenow:runner_43":14,"apocalypsenow:runner_47":1,"apocalypsenow:runner_46":1,"apocalypsenow:runner_44":2,"apocalypsenow:runner_45":32,"zombie_extreme:infected_police":1,"apocalypsenow:crawler_2":1,"apocalypsenow:walker_18":10,"apocalypsenow:runner_36":14,"apocalypsenow:walker_33":1,"apocalypsenow:runner_38":1,"mutantmonsters:mutant_zombie":1,"apocalypsenow:walker_22":2,"apocalypsenow:horde_4":1,"apocalypsenow:runner_34":59,"zombie_extreme:runner":3,"apocalypsenow:walker_31":1,"apocalypsenow:runner_55":1,"apocalypsenow:walker_8":1,"kevin_trophy:zombie_brute":1,"apocalypsenow:walker_2":1,"apocalypsenow:walker_4":2},"minecraft:picked_up":{"minecraft:wooden_axe":1,"minecraft:fishing_rod":1,"apocalypsenow:u_sarmy_boots":1,"minecraft:iron_chestplate":1,"minecraft:leather_leggings":1,"securitycraft:speed_module":2,"tconstruct:materials_and_you":1,"securitycraft:furnace_mine":1,"minecraft:enchanted_book":1,"apocalypsenow:u_sarmy_helmet":1,"minecraft:heavy_weighted_pressure_plate":4,"securitycraft:sentry":10,"minecraft:iron_leggings":1,"minecraft:netherite_scrap":1,"minecraft:iron_shovel":1,"apocalypsenow:cooked_human_flesh":4,"minecraft:apple":2,"minecraft:bow":1,"apocalypsenow:human_flesh":2,"minecraft:iron_ingot":8,"minecraft:stone_pickaxe":1,"securitycraft:keycard_lv1":1,"securitycraft:universal_block_reinforcer_lvl1":1,"apocalypsenow:crowbar":1,"minecraft:iron_nugget":9,"minecraft:iron_pickaxe":1,"onlyhammers:stone_hammer":1,"minecraft:oak_planks":248,"minecraft:phantom_membrane":1,"minecraft:stick":1,"apotheosis:gem":1,"minecraft:pumpkin":13,"patchouli:guide_book":1,"minecraft:torch":37,"minecraft:trident":1,"securitycraft:whitelist_module":2,"minecraft:bundle":7,"minecraft:rotten_flesh":159,"minecraft:stone_axe":2,"minecraft:chainmail_leggings":1,"zombie_extreme:rotten_apple":2,"minecraft:gray_wool":7,"minecraft:bread":18,"tombstone:magic_scroll":1,"apocalypsenow:civilian_body_vest_chestplate":1,"minecraft:coal":83,"minecraft:cobblestone":21},"minecraft:used":{"securitycraft:trophy_system":4,"scorchedguns:lg8_grenade_launcher":66,"minecraft:flint_and_steel":1,"minecraft:ladder":1,"minecraft:spruce_planks":1,"minecraft:sandstone":2,"minecraft:redstone_block":2,"minecraft:structure_block":4,"minecraft:cobblestone_wall":1,"minecraft:glass":2,"securitycraft:protecto":9,"securitycraft:reinforced_gray_wool":176,"minecraft:command_block":4,"minecraft:red_wool":1,"minecraft:iron_block":88,"minecraft:grass_block":21,"minecraft:stone_slab":2,"securitycraft:sentry":199,"apexguns:spitfire":31,"minecraft:glowstone":367,"minecraft:cobblestone":20,"securitycraft:admin_tool":1,"apocalypsenow:runner_34_spawn_egg":2,"minecraft:gray_wool":126},"minecraft:dropped":{"minecraft:stick":1,"minecraft:wooden_axe":1}},"DataVersion":3120}