{"stats":{"minecraft:killed_by":{"cataclysm:deepling_brute":1,"apocalypsenow:runner_36":1,"apocalypsenow:runner_46":1,"apocalypsenow:runner_52":1},"minecraft:killed":{"apocalypsenow:walker_19":1,"apocalypsenow:crawler_4":1,"apocalypsenow:runner_37":1,"apocalypsenow:walker_1":1,"apocalypsenow:walker_14":1,"apocalypsenow:walker_3":1,"minecraft:skeleton":1,"minecraft:zombie":1,"apocalypsenow:walker_12":1,"apocalypsenow:walker_15":1,"minecraft:drowned":1,"minecraft:stray":1,"apocalypsenow:runner_38":1,"apocalypsenow:runner_55":1},"minecraft:mined":{"biomesoplenty:cherry_log":2,"minecraft:torch":1,"zombie_extreme:dead_body":1,"minecraft:cobblestone":3,"minecraft:tall_grass":1,"minecraft:deepslate_coal_ore":3,"biomesoplenty:sprout":1,"minecraft:iron_door":2,"minecraft:spawner":5,"minecraft:lime_bed":2,"minecraft:cobblestone_wall":1,"minecraft:birch_log":3,"minecraft:iron_ore":9,"minecraft:enchanting_table":1,"biomesoplenty:pink_cherry_leaves":1,"minecraft:grass":2,"minecraft:bookshelf":5,"minecraft:oak_log":1,"minecraft:iron_bars":5,"minecraft:sand":2,"minecraft:cracked_stone_bricks":2,"minecraft:stone_bricks":6,"minecraft:stone":16},"minecraft:used":{"minecraft:trident":21,"minecraft:iron_bars":3,"minecraft:stone_sword":16,"minecraft:stone_pickaxe":68,"minecraft:shield":14,"minecraft:wooden_pickaxe":9,"zombie_extreme:dead_body":1,"minecraft:rotten_flesh":3,"minecraft:cracked_stone_bricks":2,"minecraft:torch":21,"minecraft:sand":1,"minecraft:lime_bed":2,"minecraft:crafting_table":2,"minecraft:carrot":6,"minecraft:milk_bucket":1,"minecraft:wooden_axe":2,"biomesoplenty:cherry_planks":4,"minecraft:cobblestone":13,"minecraft:potion":1,"minecraft:golden_carrot":1,"minecraft:iron_boots":1,"minecraft:iron_door":1,"zombie_extreme:frying_pan":10,"minecraft:stone_bricks":1,"minecraft:stone_axe":4,"tombstone:gift":2,"minecraft:cooked_beef":2},"minecraft:crafted":{"minecraft:golden_carrot":1,"biomesoplenty:cherry_planks":8,"minecraft:crafting_table":2,"minecraft:wooden_pickaxe":1,"minecraft:birch_planks":12,"minecraft:gold_nugget":9,"minecraft:stick":8,"minecraft:stone_pickaxe":1,"minecraft:stone_sword":1},"minecraft:custom":{"minecraft:interact_with_furnace":1,"minecraft:mob_kills":13,"minecraft:interact_with_crafting_table":8,"minecraft:damage_dealt_resisted":0,"minecraft:leave_game":1,"minecraft:time_since_death":21444,"minecraft:sleep_in_bed":1,"minecraft:climb_one_cm":6800,"minecraft:damage_resisted":0,"minecraft:time_since_rest":8274,"minecraft:sprint_one_cm":139687,"minecraft:damage_taken":1519,"minecraft:walk_one_cm":140576,"minecraft:damage_blocked_by_shield":720,"minecraft:drop":33,"minecraft:damage_dealt":1630,"minecraft:swim_one_cm":12161,"minecraft:fly_one_cm":59208,"minecraft:open_chest":21,"minecraft:crouch_one_cm":2764,"minecraft:play_time":41494,"tombstone:undead_killed":13,"minecraft:deaths":4,"minecraft:sneak_time":819,"minecraft:walk_under_water_one_cm":3013,"minecraft:jump":488,"minecraft:walk_on_water_one_cm":10098,"minecraft:total_world_time":43399,"minecraft:fall_one_cm":7457},"minecraft:picked_up":{"minecraft:birch_log":3,"minecraft:enchanting_table":1,"minecraft:lime_bed":2,"minecraft:iron_door":2,"minecraft:potato":2,"minecraft:oak_log":1,"minecraft:gunpowder":7,"minecraft:cobblestone_wall":1,"zombie_extreme:dead_body":1,"minecraft:leather_boots":2,"minecraft:bone":18,"minecraft:stone_bricks":6,"minecraft:cracked_stone_bricks":3,"minecraft:wheat_seeds":2,"minecraft:glass_bottle":1,"biomesoplenty:cherry_log":2,"minecraft:iron_boots":1,"minecraft:book":15,"minecraft:raw_iron":9,"apotheosis:gem":1,"minecraft:copper_ingot":2,"minecraft:torch":3,"minecraft:bowl":1,"minecraft:sand":2,"tombstone:grave_dust":1,"minecraft:carrot":8,"minecraft:arrow":7,"minecraft:rotten_flesh":12,"minecraft:gold_ingot":5,"minecraft:iron_bars":8,"minecraft:coal":3,"minecraft:cobblestone":18},"minecraft:dropped":{"apocalypsenow:human_flesh":4,"minecraft:birch_planks":1,"minecraft:wheat_seeds":2,"minecraft:oak_log":1,"minecraft:cobblestone_wall":1,"minecraft:glass_bottle":1,"minecraft:rotten_flesh":7,"minecraft:copper_ingot":1,"patchouli:guide_book":1,"minecraft:potato":2,"minecraft:leather_boots":1,"minecraft:iron_door":1,"minecraft:spider_eye":1,"minecraft:stone_bricks":5,"minecraft:iron_bars":5,"minecraft:sand":1,"minecraft:wooden_pickaxe":1,"minecraft:bone":11}},"DataVersion":3120}