{"stats":{"minecraft:used":{"apocalypsenow:camping_machete":2,"minecraft:stone_pickaxe":14,"apocalypsenow:cricket_bat":4,"minecraft:wooden_pickaxe":4,"minecraft:iron_sword":17,"zombie_extreme:chips":1,"minecraft:crafting_table":1,"minecraft:white_bed":1,"apocalypsenow:cheap_survival_axe":9,"minecraft:bread":6,"tombstone:magic_scroll":1,"minecraft:golden_leggings":1,"minecraft:golden_helmet":1,"apexguns:spitfire":38,"tombstone:gift":1,"scorchedguns:noqq_gun":9},"minecraft:dropped":{"scorchedguns:noqq_gun":1,"tombstone:grave_key":1},"minecraft:crafted":{"minecraft:oak_planks":24,"minecraft:crafting_table":1,"minecraft:wooden_pickaxe":1,"minecraft:stick":4,"minecraft:stone_pickaxe":1,"minecraft:iron_ingot":9},"minecraft:custom":{"minecraft:mob_kills":11,"minecraft:interact_with_crafting_table":3,"minecraft:damage_dealt_resisted":0,"minecraft:time_since_death":25236,"minecraft:sleep_in_bed":2,"minecraft:climb_one_cm":1670,"minecraft:time_since_rest":8133,"minecraft:sprint_one_cm":68535,"minecraft:damage_taken":495,"minecraft:walk_one_cm":90254,"minecraft:drop":2,"minecraft:damage_dealt":698,"minecraft:fly_one_cm":26472,"minecraft:player_kills":1,"minecraft:open_chest":9,"minecraft:crouch_one_cm":661,"minecraft:play_time":38590,"tombstone:undead_killed":6,"minecraft:deaths":1,"minecraft:sneak_time":163,"minecraft:jump":365,"minecraft:total_world_time":38590,"minecraft:fall_one_cm":5939},"minecraft:mined":{"minecraft:white_bed":2,"minecraft:glass_pane":1,"zombie_extreme:bear_trap":1,"minecraft:grass_block":1,"minecraft:stone_brick_wall":3,"minecraft:campfire":5,"minecraft:tall_grass":2,"minecraft:bricks":3,"zombie_extreme:wire":1,"minecraft:smooth_stone_slab":2,"minecraft:grass":2,"minecraft:oak_log":6,"minecraft:dirt_path":3,"minecraft:stone":3,"minecraft:stone_bricks":3,"minecraft:iron_block":1,"minecraft:oak_leaves":2},"minecraft:picked_up":{"minecraft:charcoal":10,"zombie_extreme:bear_trap":1,"minecraft:leather":3,"zombie_extreme:wire":1,"minecraft:oak_log":6,"scorchedguns:noqq_gun":1,"minecraft:gunpowder":4,"minecraft:dirt":4,"minecraft:smooth_stone_slab":1,"minecraft:bone":2,"minecraft:stone_bricks":3,"minecraft:beef":4,"minecraft:iron_ingot":2,"minecraft:iron_sword":1,"minecraft:dark_oak_door":1,"tombstone:grave_dust":4,"minecraft:white_bed":2,"minecraft:rotten_flesh":4,"minecraft:iron_block":1,"minecraft:gold_ingot":2,"tombstone:magic_scroll":1,"minecraft:bricks":3,"minecraft:coal":2,"minecraft:cobblestone":3},"minecraft:killed":{"apocalypsenow:walker_7":1,"minecraft:creeper":2,"minecraft:skeleton":1,"minecraft:zombie":1,"apocalypsenow:runner_43":1,"apocalypsenow:runner_42":1,"apocalypsenow:walker_6":1,"minecraft:cow":2},"minecraft:killed_by":{"minecraft:skeleton":1}},"DataVersion":3120}