{"stats":{"minecraft:dropped":{"minecraft:birch_planks":1,"minecraft:wheat_seeds":2,"minecraft:oak_log":1,"minecraft:glass_bottle":1,"minecraft:cracked_stone_bricks":2,"minecraft:copper_ingot":1,"minecraft:birch_slab":3,"zombie_extreme:rotten_apple":2,"minecraft:iron_door":1,"minecraft:potion":1,"minecraft:sand":1,"minecraft:bone":11,"minecraft:stone_sword":2,"minecraft:cobblestone_wall":2,"minecraft:rotten_flesh":7,"minecraft:stone_slab":1,"patchouli:guide_book":2,"minecraft:potato":3,"minecraft:iron_chestplate":1,"minecraft:leather_boots":1,"minecraft:stone_bricks":5,"minecraft:spider_eye":1,"minecraft:iron_bars":5,"minecraft:wooden_pickaxe":1,"minecraft:stone_pickaxe":1},"minecraft:picked_up":{"biomesoplenty:redwood_log":29,"minecraft:iron_chestplate":1,"minecraft:wheat":3,"minecraft:chainmail_boots":1,"minecraft:ladder":1,"minecraft:clay_ball":5,"minecraft:anvil":1,"minecraft:leather_leggings":2,"minecraft:stone_slab":5,"minecraft:potion":1,"minecraft:enchanted_book":5,"minecraft:brewing_stand":1,"minecraft:brick":1,"minecraft:string":35,"cgm:shotgun":1,"minecraft:iron_shovel":1,"minecraft:cracked_stone_bricks":5,"minecraft:furnace":1,"minecraft:iron_boots":1,"minecraft:raw_iron":22,"apotheosis:gem":4,"minecraft:copper_ingot":6,"minecraft:torch":3,"minecraft:bowl":1,"minecraft:spruce_stairs":1,"minecraft:porkchop":5,"tombstone:grave_dust":7,"minecraft:trident":2,"minecraft:carrot":8,"minecraft:quartz_block":4,"biomesoplenty:redwood_planks":10,"minecraft:stone_shovel":2,"minecraft:stone_sword":2,"minecraft:arrow":9,"minecraft:light_gray_bed":2,"minecraft:rotten_flesh":65,"zombie_extreme:rotten_apple":4,"tombstone:essence_of_undeath":1,"minecraft:gold_ingot":5,"minecraft:iron_bars":14,"minecraft:white_wool":21,"minecraft:cobblestone":22,"minecraft:birch_log":3,"minecraft:enchanting_table":1,"minecraft:lime_bed":3,"minecraft:leather_chestplate":1,"minecraft:iron_door":2,"minecraft:birch_slab":6,"minecraft:leather":1,"minecraft:potato":2,"minecraft:oak_log":1,"jeg:scrap":9,"minecraft:yellow_bed":1,"minecraft:cobblestone_wall":4,"minecraft:gunpowder":10,"scalinghealth:heart_crystal":2,"minecraft:dirt":3,"zombie_extreme:dead_body":1,"minecraft:leather_boots":4,"minecraft:cooked_mutton":1,"minecraft:bone":20,"minecraft:exposed_cut_copper_stairs":1,"minecraft:stone_bricks":20,"minecraft:wheat_seeds":13,"minecraft:stone_pickaxe":1,"minecraft:glass_bottle":2,"minecraft:oak_planks":14,"biomesoplenty:cherry_log":2,"jeg:tech_trash":1,"minecraft:book":15,"scalinghealth:heart_crystal_shard":4,"vs_eureka:oak_ship_helm":1,"patchouli:guide_book":2,"vs_eureka:birch_ship_helm":1,"minecraft:dripstone_block":4,"minecraft:sand":2,"minecraft:white_bed":1,"minecraft:spider_eye":3,"minecraft:bundle":2,"vs_eureka:floater":6,"minecraft:iron_helmet":1,"vs_eureka:ballast":1,"minecraft:chainmail_helmet":1,"tombstone:magic_scroll":1,"minecraft:coal":22},"minecraft:crafted":{"minecraft:golden_carrot":1,"minecraft:oak_planks":8,"biomesoplenty:cherry_planks":8,"minecraft:stone_pickaxe":1,"minecraft:chest":4,"vs_eureka:floater":48,"minecraft:cooked_porkchop":5,"minecraft:crafting_table":3,"biomesoplenty:redwood_planks":116,"minecraft:wooden_pickaxe":1,"minecraft:birch_planks":12,"minecraft:air":0,"minecraft:gold_nugget":9,"minecraft:stick":8,"minecraft:iron_ingot":10,"minecraft:stone_sword":1,"minecraft:white_bed":3},"minecraft:killed":{"apocalypsenow:walker_19":2,"zombie_extreme:night_hunter":1,"apocalypsenow:crawler_4":2,"apocalypsenow:runner_37":2,"apocalypsenow:runner_49":1,"minecraft:spider":3,"apocalypsenow:walker_3":1,"apocalypsenow:walker_14":1,"minecraft:skeleton":3,"apocalypsenow:walker_25":2,"apocalypsenow:runner_45":1,"apocalypsenow:walker_15":1,"apocalypsenow:runner_42":1,"apocalypsenow:runner_46":1,"apocalypsenow:walker_10":1,"apocalypsenow:walker_18":2,"minecraft:drowned":4,"apocalypsenow:runner_38":1,"apocalypsenow:walker_22":1,"zombie_extreme:runner":2,"apocalypsenow:walker_30":1,"minecraft:pig":3,"zombie_extreme:boomer":1,"zombie_extreme:infected":1,"apocalypsenow:runner_52":2,"apocalypsenow:walker_7":3,"zombie_extreme:bomber":1,"minecraft:creeper":2,"zombie_extreme:chainsaw":2,"apocalypsenow:walker_27":2,"cataclysm:deepling_brute":1,"minecraft:zombie":2,"apocalypsenow:walker_17":1,"minecraft:stray":1,"zombie_extreme:infected_police":2,"zombie_extreme:devastated":1,"apocalypsenow:walker_28":1,"apocalypsenow:runner_51":3,"apocalypsenow:walker_2":2},"minecraft:broken":{"minecraft:leather_chestplate":1},"minecraft:custom":{"minecraft:interact_with_anvil":1,"minecraft:mob_kills":215,"minecraft:interact_with_crafting_table":19,"minecraft:open_barrel":1,"minecraft:interact_with_campfire":1,"minecraft:damage_dealt_resisted":49,"minecraft:leave_game":6,"minecraft:time_since_death":88822,"minecraft:climb_one_cm":19330,"minecraft:damage_resisted":0,"minecraft:sprint_one_cm":351191,"minecraft:walk_one_cm":547112,"minecraft:damage_blocked_by_shield":1120,"minecraft:drop":47,"minecraft:damage_dealt_absorbed":40,"minecraft:talked_to_villager":1,"minecraft:play_time":249053,"minecraft:sneak_time":10513,"minecraft:deaths":7,"minecraft:walk_under_water_one_cm":51371,"minecraft:jump":2337,"minecraft:interact_with_brewingstand":2,"minecraft:walk_on_water_one_cm":100849,"minecraft:total_world_time":250958,"minecraft:interact_with_furnace":17,"minecraft:sleep_in_bed":7,"minecraft:time_since_rest":15163,"minecraft:damage_taken":5684,"minecraft:damage_dealt":9890,"minecraft:swim_one_cm":64418,"minecraft:fly_one_cm":372962,"minecraft:open_chest":122,"minecraft:crouch_one_cm":35019,"tombstone:undead_killed":191,"minecraft:fall_one_cm":37279,"minecraft:horse_one_cm":717},"minecraft:used":{"minecraft:iron_bars":3,"minecraft:stone_sword":16,"minecraft:trident":221,"minecraft:iron_shovel":1,"biomesoplenty:redwood_planks":80,"minecraft:ladder":1,"minecraft:chest":8,"minecraft:shield":26,"zombie_extreme:dead_body":1,"minecraft:rotten_flesh":31,"minecraft:oak_door":1,"minecraft:torch":26,"scalinghealth:heart_crystal":6,"minecraft:anvil":1,"cgm:workbench":1,"minecraft:cobblestone_wall":14,"minecraft:carrot":12,"zombie_extreme:bandage":1,"minecraft:milk_bucket":3,"minecraft:wooden_axe":2,"biomesoplenty:cherry_planks":4,"cgm:shotgun":76,"scorchedguns:sc_fusilage":349,"minecraft:quartz_block":8,"vs_eureka:oak_ship_helm":1,"minecraft:iron_boots":1,"minecraft:golden_carrot":1,"zombie_extreme:frying_pan":10,"minecraft:stone_bricks":19,"tombstone:gift":4,"minecraft:cooked_beef":2,"minecraft:light_gray_bed":2,"minecraft:cooked_mutton":1,"minecraft:water_bucket":5,"minetraps:ghost_block":2,"minecraft:oak_planks":8,"minecraft:stone_pickaxe":128,"minecraft:wooden_pickaxe":9,"vs_eureka:floater":54,"minetraps:razor_wire":1,"minecraft:cracked_stone_bricks":2,"minecraft:white_wool":18,"minecraft:sand":1,"minecraft:lime_bed":3,"minecraft:crafting_table":3,"minecraft:white_bed":5,"minecraft:dripstone_block":4,"minecraft:birch_slab":3,"minecraft:bread":16,"minetraps:spikes":1,"tombstone:magic_scroll":1,"minecraft:iron_door":1,"vs_eureka:birch_ship_helm":1,"minecraft:stone_axe":94,"minecraft:cobblestone":46,"minecraft:potion":1,"minecraft:cooked_porkchop":5,"minecraft:bucket":6,"minecraft:yellow_bed":1},"minecraft:killed_by":{"zombie_extreme:chainsaw":1,"cataclysm:deepling_brute":1},"minecraft:mined":{"minecraft:white_bed":1,"biomesoplenty:cherry_log":2,"minecraft:brewing_stand":1,"minecraft:grass_block":1,"minecraft:exposed_cut_copper_stairs":3,"minecraft:light_gray_bed":3,"zombie_extreme:dead_body":1,"minecraft:birch_slab":4,"minecraft:spawner":5,"minecraft:furnace":1,"minecraft:iron_ore":22,"minecraft:anvil":1,"minecraft:enchanting_table":1,"minecraft:bookshelf":5,"biomesoplenty:pink_cherry_leaves":1,"biomesoplenty:redwood_log":29,"minecraft:iron_bars":5,"minecraft:stone":18,"minecraft:white_wool":22,"vs_eureka:floater":12,"biomesoplenty:redwood_planks":22,"minecraft:glass_pane":2,"jeg:scrap_ore":1,"minecraft:quartz_block":3,"minecraft:torch":1,"vs_eureka:birch_ship_helm":1,"minecraft:stone_slab":3,"minecraft:tall_grass":3,"minecraft:cobblestone":5,"minecraft:deepslate_coal_ore":3,"biomesoplenty:sprout":1,"minecraft:iron_door":2,"minecraft:spruce_stairs":1,"minecraft:lime_bed":3,"vs_eureka:oak_ship_helm":2,"minecraft:cobblestone_wall":2,"minecraft:birch_log":3,"minecraft:wheat":5,"minecraft:yellow_bed":1,"minecraft:grass":4,"minecraft:oak_log":1,"minecraft:coal_ore":19,"minecraft:sand":2,"minecraft:dripstone_block":4,"minecraft:dirt":1,"minecraft:cracked_stone_bricks":2,"minecraft:stone_bricks":8,"minecraft:fern":5}},"DataVersion":3120}