{"stats":{"minecraft:killed_by":{"apocalypsenow:runner_46":1,"cataclysm:deepling_brute":1,"apocalypsenow:runner_52":1},"minecraft:killed":{"apocalypsenow:walker_19":1,"apocalypsenow:runner_37":1,"apocalypsenow:walker_1":1,"apocalypsenow:runner_38":1},"minecraft:mined":{"minecraft:cobblestone_wall":1,"minecraft:birch_log":3,"minecraft:enchanting_table":1,"minecraft:sand":1,"zombie_extreme:dead_body":1,"minecraft:deepslate_coal_ore":3,"biomesoplenty:sprout":1,"minecraft:stone":13,"minecraft:stone_bricks":4,"minecraft:iron_door":2},"minecraft:used":{"minecraft:stone_pickaxe":27,"minecraft:wooden_pickaxe":9,"minecraft:iron_door":1,"zombie_extreme:dead_body":1,"minecraft:stone_bricks":1,"minecraft:rotten_flesh":1},"minecraft:crafted":{"minecraft:stick":4,"minecraft:wooden_pickaxe":1,"minecraft:stone_pickaxe":1,"minecraft:birch_planks":12},"minecraft:custom":{"minecraft:time_since_rest":1852,"minecraft:interact_with_furnace":1,"minecraft:sprint_one_cm":70067,"minecraft:damage_taken":945,"minecraft:walk_one_cm":53983,"minecraft:mob_kills":3,"minecraft:drop":1,"minecraft:damage_dealt":330,"minecraft:interact_with_crafting_table":2,"minecraft:swim_one_cm":12161,"minecraft:fly_one_cm":41422,"minecraft:crouch_one_cm":299,"minecraft:play_time":17494,"tombstone:undead_killed":4,"minecraft:deaths":3,"minecraft:sneak_time":194,"minecraft:walk_under_water_one_cm":2769,"minecraft:jump":265,"minecraft:leave_game":1,"minecraft:walk_on_water_one_cm":9013,"minecraft:time_since_death":2701,"minecraft:climb_one_cm":5479,"minecraft:total_world_time":19399,"minecraft:fall_one_cm":3505},"minecraft:picked_up":{"minecraft:birch_log":3,"minecraft:enchanting_table":1,"minecraft:iron_door":2,"minecraft:bowl":1,"minecraft:sand":1,"tombstone:grave_dust":1,"minecraft:cobblestone_wall":1,"zombie_extreme:dead_body":1,"minecraft:bone":1,"minecraft:rotten_flesh":3,"minecraft:stone_bricks":4,"minecraft:coal":3,"minecraft:cobblestone":13},"minecraft:dropped":{"minecraft:wooden_pickaxe":1}},"DataVersion":3120}