{"stats":{"minecraft:killed_by":{"apocalypsenow:runner_36":1,"apocalypsenow:runner_46":1,"cataclysm:deepling_brute":1,"apocalypsenow:runner_52":1},"minecraft:killed":{"apocalypsenow:walker_19":1,"apocalypsenow:crawler_4":1,"apocalypsenow:runner_37":1,"apocalypsenow:walker_1":1,"apocalypsenow:runner_39":1,"apocalypsenow:walker_3":2,"apocalypsenow:walker_14":2,"apocalypsenow:horde_2":1,"minecraft:skeleton":1,"apocalypsenow:walker_15":1,"apocalypsenow:runner_42":1,"apocalypsenow:runner_46":2,"apocalypsenow:walker_10":1,"minecraft:drowned":4,"apocalypsenow:runner_38":1,"minecraft:pig":3,"apocalypsenow:runner_52":1,"minecraft:creeper":2,"apocalypsenow:walker_5":1,"zombie_extreme:chainsaw":1,"cataclysm:deepling_brute":1,"minecraft:zombie":1,"apocalypsenow:walker_16":1,"apocalypsenow:walker_12":2,"minecraft:stray":1,"apocalypsenow:runner_44":1,"zombie_extreme:infected_police":1,"apocalypsenow:runner_36":1,"apocalypsenow:walker_24":1,"apocalypsenow:runner_55":2},"minecraft:mined":{"minecraft:white_bed":1,"biomesoplenty:cherry_log":2,"minecraft:grass_block":1,"minecraft:light_gray_bed":3,"zombie_extreme:dead_body":1,"minecraft:spawner":5,"minecraft:iron_ore":20,"minecraft:enchanting_table":1,"minecraft:bookshelf":5,"biomesoplenty:pink_cherry_leaves":1,"biomesoplenty:redwood_log":29,"minecraft:iron_bars":5,"minecraft:stone":18,"minecraft:white_wool":22,"biomesoplenty:redwood_planks":7,"minecraft:glass_pane":2,"minecraft:torch":1,"vs_eureka:birch_ship_helm":1,"minecraft:stone_slab":2,"minecraft:tall_grass":2,"minecraft:cobblestone":3,"minecraft:deepslate_coal_ore":3,"biomesoplenty:sprout":1,"minecraft:iron_door":2,"minecraft:spruce_stairs":1,"minecraft:lime_bed":3,"minecraft:cobblestone_wall":1,"minecraft:birch_log":3,"minecraft:yellow_bed":1,"minecraft:grass":4,"minecraft:coal_ore":9,"minecraft:oak_log":1,"minecraft:sand":2,"minecraft:cracked_stone_bricks":2,"minecraft:stone_bricks":7,"minecraft:fern":5},"minecraft:used":{"minecraft:trident":123,"minecraft:iron_bars":3,"minecraft:stone_sword":16,"biomesoplenty:redwood_planks":65,"apocalypsenow:head_cutter":11,"minecraft:chest":4,"minecraft:shield":14,"zombie_extreme:dead_body":1,"minecraft:rotten_flesh":21,"minecraft:torch":26,"minecraft:carrot":12,"minecraft:milk_bucket":1,"minecraft:wooden_axe":2,"biomesoplenty:cherry_planks":4,"minecraft:iron_boots":1,"zombie_extreme:frying_pan":10,"minecraft:stone_bricks":1,"minecraft:golden_carrot":1,"tombstone:gift":2,"minecraft:cooked_beef":2,"minecraft:light_gray_bed":2,"minecraft:water_bucket":1,"minecraft:stone_pickaxe":95,"minecraft:wooden_pickaxe":9,"vs_eureka:floater":36,"minecraft:cracked_stone_bricks":2,"minecraft:white_wool":18,"minecraft:sand":1,"minecraft:crafting_table":3,"minecraft:lime_bed":3,"minecraft:white_bed":2,"minecraft:iron_door":1,"vs_eureka:birch_ship_helm":1,"minecraft:stone_axe":61,"minecraft:cobblestone":13,"minecraft:potion":1,"minecraft:cooked_porkchop":4,"minecraft:bucket":2,"minecraft:yellow_bed":1},"minecraft:crafted":{"minecraft:golden_carrot":1,"biomesoplenty:cherry_planks":8,"minecraft:stone_pickaxe":1,"minecraft:chest":4,"vs_eureka:floater":48,"minecraft:cooked_porkchop":5,"minecraft:crafting_table":3,"biomesoplenty:redwood_planks":116,"minecraft:wooden_pickaxe":1,"minecraft:birch_planks":12,"minecraft:air":0,"minecraft:gold_nugget":9,"minecraft:stick":8,"minecraft:iron_ingot":10,"minecraft:stone_sword":1,"minecraft:white_bed":1},"minecraft:custom":{"minecraft:mob_kills":41,"minecraft:interact_with_crafting_table":17,"minecraft:damage_dealt_resisted":1,"minecraft:leave_game":2,"minecraft:time_since_death":50373,"minecraft:climb_one_cm":6800,"minecraft:damage_resisted":0,"minecraft:sprint_one_cm":191776,"minecraft:walk_one_cm":310032,"minecraft:damage_blocked_by_shield":720,"minecraft:drop":35,"minecraft:sneak_time":5061,"minecraft:play_time":94809,"minecraft:deaths":5,"minecraft:walk_under_water_one_cm":14922,"minecraft:jump":1070,"minecraft:interact_with_brewingstand":1,"minecraft:walk_on_water_one_cm":32136,"minecraft:total_world_time":96714,"minecraft:interact_with_furnace":10,"minecraft:sleep_in_bed":4,"minecraft:time_since_rest":17128,"minecraft:damage_taken":2257,"minecraft:damage_dealt":5556,"minecraft:swim_one_cm":19857,"minecraft:fly_one_cm":92170,"minecraft:open_chest":48,"minecraft:crouch_one_cm":17078,"tombstone:undead_killed":31,"minecraft:fall_one_cm":15517,"minecraft:horse_one_cm":717},"minecraft:picked_up":{"biomesoplenty:redwood_log":29,"minecraft:stone_slab":2,"minecraft:string":33,"minecraft:iron_shovel":1,"minecraft:cracked_stone_bricks":3,"apocalypsenow:rubber_hammer":1,"minecraft:iron_boots":1,"minecraft:raw_iron":20,"apotheosis:gem":1,"minecraft:copper_ingot":3,"minecraft:torch":3,"minecraft:bowl":1,"minecraft:porkchop":5,"tombstone:grave_dust":7,"minecraft:carrot":8,"minecraft:light_gray_bed":2,"minecraft:rotten_flesh":36,"minecraft:arrow":7,"biomesoplenty:redwood_planks":1,"minecraft:stone_sword":1,"apocalypsenow:usa_armor_leggings":1,"minecraft:stone_shovel":1,"minecraft:gold_ingot":5,"tombstone:essence_of_undeath":1,"minecraft:iron_bars":8,"minecraft:white_wool":21,"minecraft:cobblestone":20,"minecraft:birch_log":3,"minecraft:enchanting_table":1,"minecraft:lime_bed":3,"minecraft:iron_door":2,"minecraft:potato":2,"minecraft:oak_log":1,"minecraft:yellow_bed":1,"minecraft:cobblestone_wall":1,"minecraft:gunpowder":9,"minecraft:dirt":1,"zombie_extreme:dead_body":1,"minecraft:leather_boots":3,"minecraft:bone":18,"minecraft:stone_bricks":6,"minecraft:wheat_seeds":4,"minecraft:stone_pickaxe":1,"minecraft:glass_bottle":1,"biomesoplenty:cherry_log":2,"jeg:tech_trash":1,"minecraft:book":15,"vs_eureka:birch_ship_helm":1,"minecraft:sand":2,"minecraft:white_bed":1,"minecraft:bundle":1,"minecraft:chainmail_helmet":1,"apocalypsenow:usa_armor_helmet":1,"minecraft:coal":12},"minecraft:dropped":{"apocalypsenow:human_flesh":4,"minecraft:birch_planks":1,"minecraft:wheat_seeds":2,"minecraft:oak_log":1,"minecraft:glass_bottle":1,"minecraft:copper_ingot":1,"minecraft:iron_door":1,"minecraft:sand":1,"minecraft:bone":11,"minecraft:cobblestone_wall":1,"minecraft:rotten_flesh":7,"patchouli:guide_book":1,"minecraft:potato":3,"minecraft:leather_boots":1,"minecraft:stone_bricks":5,"minecraft:spider_eye":1,"minecraft:iron_bars":5,"minecraft:stone_pickaxe":1,"minecraft:wooden_pickaxe":1}},"DataVersion":3120}