{"stats":{"minecraft:used":{"minecraft:chest":3,"minecraft:oak_sign":3,"minecraft:sand":1,"minecraft:stone":12,"automobility:auto_mechanic_table":1,"minecraft:structure_block":1},"minecraft:custom":{"minecraft:jump":16,"minecraft:open_chest":17,"minecraft:time_since_rest":13930,"minecraft:crouch_one_cm":288,"minecraft:leave_game":4,"minecraft:play_time":13930,"minecraft:sprint_one_cm":2976,"minecraft:time_since_death":13930,"minecraft:walk_on_water_one_cm":906,"minecraft:walk_one_cm":9491,"minecraft:sneak_time":336,"minecraft:total_world_time":19131,"minecraft:walk_under_water_one_cm":3068,"minecraft:swim_one_cm":2209,"minecraft:fly_one_cm":51189}},"DataVersion":3120}