{"stats":{"minecraft:used":{"apocalypsenow:camping_machete":2,"minecraft:stone_pickaxe":14,"apocalypsenow:cricket_bat":7,"minecraft:oak_planks":8,"minecraft:wooden_pickaxe":4,"minecraft:iron_sword":43,"zombie_extreme:chips":1,"minecraft:crafting_table":2,"minecraft:white_bed":2,"apocalypsenow:cheap_survival_axe":13,"minecraft:bread":11,"minecraft:iron_pickaxe":8,"tombstone:magic_scroll":1,"minecraft:golden_leggings":1,"minecraft:golden_helmet":1,"apexguns:spitfire":38,"tombstone:gift":1,"scorchedguns:noqq_gun":9},"minecraft:crafted":{"minecraft:oak_planks":24,"minecraft:crafting_table":2,"minecraft:wooden_pickaxe":1,"minecraft:stick":8,"minecraft:iron_pickaxe":1,"minecraft:stone_pickaxe":1,"minecraft:iron_ingot":9},"minecraft:dropped":{"minecraft:dark_oak_door":1,"minecraft:bricks":3,"zombie_extreme:bear_trap":1,"scorchedguns:noqq_gun":1,"minecraft:smooth_stone_slab":1,"minecraft:rotten_flesh":5,"minecraft:oak_planks":1,"zombie_extreme:green_apple":1,"minecraft:stick":2,"minecraft:dirt":4,"tombstone:grave_key":1,"minecraft:stone_bricks":3,"zombie_extreme:wire":1,"minecraft:beef":4,"minecraft:wooden_pickaxe":1},"minecraft:custom":{"minecraft:mob_kills":16,"minecraft:interact_with_crafting_table":4,"minecraft:damage_dealt_resisted":0,"minecraft:time_since_death":37236,"minecraft:sleep_in_bed":2,"minecraft:climb_one_cm":9234,"minecraft:time_since_rest":20133,"minecraft:sprint_one_cm":72473,"minecraft:damage_taken":939,"minecraft:walk_one_cm":109737,"minecraft:drop":30,"minecraft:damage_dealt":1597,"minecraft:fly_one_cm":29887,"minecraft:player_kills":1,"minecraft:open_chest":9,"minecraft:crouch_one_cm":1396,"minecraft:play_time":50590,"tombstone:undead_killed":10,"minecraft:deaths":1,"minecraft:sneak_time":543,"minecraft:jump":400,"minecraft:total_world_time":50590,"minecraft:fall_one_cm":8452},"minecraft:mined":{"minecraft:white_bed":2,"minecraft:glass_pane":1,"zombie_extreme:bear_trap":1,"minecraft:grass_block":1,"minecraft:stone_brick_wall":3,"minecraft:campfire":5,"minecraft:tall_grass":2,"minecraft:bricks":3,"zombie_extreme:wire":1,"minecraft:smooth_stone_slab":2,"minecraft:grass":2,"minecraft:bookshelf":4,"minecraft:oak_log":6,"minecraft:deepslate_iron_ore":6,"minecraft:dirt_path":3,"minecraft:cobweb":2,"minecraft:stone":3,"minecraft:stone_bricks":3,"minecraft:iron_block":1,"minecraft:deepslate_emerald_ore":2,"minecraft:oak_leaves":2},"minecraft:picked_up":{"minecraft:charcoal":10,"zombie_extreme:bear_trap":1,"minecraft:leather":3,"zombie_extreme:wire":1,"minecraft:oak_log":6,"scorchedguns:noqq_gun":1,"minecraft:gunpowder":4,"minecraft:string":2,"minecraft:dirt":4,"minecraft:smooth_stone_slab":1,"minecraft:bone":2,"minecraft:stone_bricks":3,"minecraft:beef":4,"minecraft:iron_ingot":2,"minecraft:iron_sword":1,"minecraft:book":12,"minecraft:dark_oak_door":1,"minecraft:raw_iron":6,"tombstone:grave_dust":4,"minecraft:white_bed":2,"minecraft:rotten_flesh":6,"minecraft:iron_block":1,"minecraft:emerald":2,"minecraft:gold_ingot":2,"tombstone:magic_scroll":1,"minecraft:bricks":3,"minecraft:coal":2,"minecraft:cobblestone":3},"minecraft:killed":{"naturalist:firefly":1,"apocalypsenow:runner_49":1,"apocalypsenow:walker_29":1,"apocalypsenow:walker_7":1,"minecraft:creeper":2,"apocalypsenow:walker_14":1,"minecraft:skeleton":1,"minecraft:zombie":1,"apocalypsenow:runner_43":1,"apocalypsenow:runner_42":1,"apocalypsenow:runner_36":1,"apocalypsenow:walker_6":1,"minecraft:cow":2},"minecraft:killed_by":{"minecraft:skeleton":1}},"DataVersion":3120}