{"stats":{"minecraft:dropped":{"minecraft:stick":1,"minecraft:wooden_axe":1,"minecraft:rotten_flesh":1},"minecraft:used":{"securitycraft:trophy_system":4,"scorchedguns:lg8_grenade_launcher":66,"minecraft:flint_and_steel":1,"minecraft:ladder":1,"minecraft:spruce_planks":1,"minecraft:stone":6,"minecraft:iron_sword":27,"jeg:holy_shotgun":1,"apocalypsenow:cleaver":2,"minecraft:structure_block":6,"minecraft:torch":10,"minecraft:anvil":1,"minecraft:cobblestone_wall":1,"jeg:grenade":2,"minecraft:glass":2,"securitycraft:protecto":9,"minecraft:red_wool":2,"minecraft:iron_axe":10,"minecraft:iron_block":88,"minecraft:grass_block":24,"cgm:grenade_launcher":4,"securitycraft:sentry":355,"simpleplanes:plane":5,"minecraft:glowstone":437,"apocalypsenow:runner_34_spawn_egg":2,"minecraft:sandstone":2,"minecraft:redstone_block":2,"elevatorid:elevator_white":4,"cgm:bazooka":149,"securitycraft:reinforced_gray_wool":425,"minecraft:dark_oak_log":4,"minecraft:command_block":4,"minecraft:bread":14,"minecraft:cyan_bed":5,"minecraft:iron_pickaxe":2,"securitycraft:reinforced_iron_block":1,"minecraft:stone_slab":2,"apexguns:spitfire":31,"minecraft:cobblestone":36,"securitycraft:admin_tool":1,"minecraft:gray_wool":126},"minecraft:killed":{"graveyard:skeleton_creeper":1,"apocalypsenow:walker_19":29,"apocalypsenow:crawler_3":1,"apocalypsenow:soldiers_02":1,"apocalypsenow:looter_1":4,"apocalypsenow:crawler_4":1,"apocalypsenow:runner_37":6,"apocalypsenow:military_02":3,"minecraft:spider":6,"apocalypsenow:horde_5":1,"minecraft:cod":24,"apocalypsenow:runner_39":2,"apocalypsenow:runner_35":52,"apocalypsenow:walker_3":2,"apocalypsenow:walker_26":53,"apocalypsenow:walker_14":2,"apocalypsenow:horde_2":1,"minecraft:skeleton":1,"apocalypsenow:walker_25":1,"apocalypsenow:walker_15":24,"apocalypsenow:runner_41":1,"apocalypsenow:runner_42":15,"apocalypsenow:runner_46":1,"apocalypsenow:runner_45":32,"apocalypsenow:walker_18":10,"apocalypsenow:walker_33":1,"apocalypsenow:runner_38":1,"apocalypsenow:walker_22":2,"zombie_extreme:runner":3,"apocalypsenow:runner_34":59,"apocalypsenow:walker_8":1,"apocalypsenow:walker_4":2,"apocalypsenow:walker_30":3,"zombie_extreme:crawler":2,"apocalypsenow:walker_20":2,"zombie_extreme:infected":1,"apocalypsenow:runner_40":3,"zombie_extreme:infected_hazmat":1,"naturalist:firefly":1,"rottencreatures:dead_beard":1,"minecraft:salmon":12,"apocalypsenow:runner_52":2,"apocalypsenow:walker_11":1,"apocalypsenow:walker_23":2,"apocalypsenow:walker_7":1,"mutantmonsters:mutant_skeleton":1,"apocalypsenow:runner_50":20,"apocalypsenow:runner_54":7,"apocalypsenow:walker_32":1,"minecraft:creeper":1,"minecraft:squid":4,"apocalypsenow:walker_5":1,"zombie_extreme:chainsaw":1,"apocalypsenow:cannibal":1,"apocalypsenow:horde_3":1,"apocalypsenow:walker_27":9,"kevin_trophy:crawler_zombie":1,"apocalypsenow:walker_16":2,"minecraft:zombie":2,"apocalypsenow:walker_12":17,"apocalypsenow:walker_13":12,"apocalypsenow:walker_17":9,"apocalypsenow:runner_43":14,"apocalypsenow:runner_47":1,"apocalypsenow:runner_44":2,"zombie_extreme:infected_police":1,"apocalypsenow:crawler_2":1,"apocalypsenow:runner_36":14,"mutantmonsters:mutant_zombie":1,"apocalypsenow:horde_4":1,"apocalypsenow:runner_51":1,"apocalypsenow:walker_31":1,"apocalypsenow:runner_55":1,"kevin_trophy:zombie_brute":1,"apocalypsenow:walker_2":1},"minecraft:crafted":{"minecraft:dark_oak_planks":12,"minecraft:stick":24,"minecraft:torch":96},"minecraft:mined":{"minecraft:dark_oak_log":9,"minecraft:polished_andesite_slab":1,"minecraft:red_stained_glass_pane":2,"minecraft:glass":2,"minecraft:tall_grass":1,"biomesoplenty:sprout":1,"minecraft:cyan_bed":2,"farmersdelight:wild_beetroots":10,"farmersdelight:sandy_shrub":3,"minecraft:grass":4},"minecraft:custom":{"lootr:looted_stat":13,"minecraft:mob_kills":516,"minecraft:interact_with_anvil":3,"minecraft:interact_with_crafting_table":2,"minecraft:damage_dealt_resisted":0,"minecraft:leave_game":11,"minecraft:time_since_death":107553,"minecraft:climb_one_cm":57,"minecraft:damage_resisted":0,"minecraft:sprint_one_cm":171268,"minecraft:walk_one_cm":269941,"minecraft:drop":3,"minecraft:talked_to_villager":1,"minecraft:play_time":283161,"minecraft:deaths":2,"minecraft:sneak_time":9698,"minecraft:walk_under_water_one_cm":59536,"minecraft:jump":840,"minecraft:walk_on_water_one_cm":40138,"minecraft:total_world_time":291962,"minecraft:sleep_in_bed":3,"minecraft:time_since_rest":7334,"minecraft:damage_taken":1339,"minecraft:damage_dealt":933,"minecraft:interact_with_beacon":1,"minecraft:swim_one_cm":16920,"minecraft:fly_one_cm":2815781,"minecraft:open_chest":13,"minecraft:crouch_one_cm":10245,"tombstone:undead_killed":434,"minecraft:fall_one_cm":8170},"minecraft:picked_up":{"minecraft:wooden_axe":1,"minecraft:fishing_rod":1,"minecraft:iron_chestplate":1,"minecraft:ladder":1,"minecraft:leather_leggings":1,"minecraft:lead":1,"tconstruct:materials_and_you":1,"securitycraft:furnace_mine":1,"apocalypsenow:u_sarmy_helmet":1,"minecraft:enchanted_book":1,"minecraft:heavy_weighted_pressure_plate":7,"minecraft:iron_leggings":1,"minecraft:netherite_scrap":1,"minecraft:iron_shovel":1,"minecraft:beetroot":1,"securitycraft:keycard_lv1":1,"minecraft:redstone_torch":1,"minecraft:iron_nugget":9,"onlyhammers:stone_hammer":1,"minecraft:iron_pickaxe":1,"minecraft:phantom_membrane":1,"minecraft:stick":1,"apotheosis:gem":1,"minecraft:torch":37,"minecraft:stone_button":2,"tombstone:grave_dust":2,"minecraft:trident":1,"minecraft:rotten_flesh":196,"minecraft:beetroot_seeds":10,"zombie_extreme:rotten_apple":2,"apocalypsenow:civilian_body_vest_chestplate":1,"minecraft:iron_bars":6,"minecraft:cobblestone":21,"apocalypsenow:u_sarmy_boots":1,"securitycraft:speed_module":2,"securitycraft:sentry":16,"apocalypsenow:cooked_human_flesh":4,"minecraft:red_carpet":2,"minecraft:apple":2,"minecraft:bow":1,"apocalypsenow:human_flesh":2,"minecraft:iron_ingot":8,"minecraft:stone_pickaxe":1,"securitycraft:universal_block_reinforcer_lvl1":1,"apocalypsenow:crowbar":1,"minecraft:oak_planks":248,"simpleplanes:plane":1,"minecraft:pumpkin":13,"patchouli:guide_book":1,"minecraft:cyan_bed":2,"minecraft:dark_oak_log":9,"securitycraft:whitelist_module":2,"minecraft:bundle":7,"minecraft:yellow_carpet":3,"minecraft:stone_axe":2,"minecraft:lever":3,"minecraft:chainmail_leggings":1,"minecraft:gray_wool":9,"minecraft:bread":18,"tombstone:magic_scroll":1,"minecraft:coal":83}},"DataVersion":3120}