{"stats":{"minecraft:used":{"minecraft:trident":175,"minecraft:stone_sword":16,"minecraft:iron_bars":3,"minecraft:iron_shovel":1,"biomesoplenty:redwood_planks":79,"apocalypsenow:head_cutter":20,"minecraft:chest":8,"minecraft:shield":17,"zombie_extreme:dead_body":1,"apocalypsenow:cooked_chicken_wing":1,"minecraft:rotten_flesh":29,"minecraft:oak_door":1,"minecraft:torch":26,"minecraft:anvil":1,"minecraft:carrot":12,"zombie_extreme:bandage":1,"minecraft:milk_bucket":1,"minecraft:wooden_axe":2,"biomesoplenty:cherry_planks":4,"scorchedguns:sc_fusilage":349,"vs_eureka:oak_ship_helm":1,"minecraft:iron_boots":1,"zombie_extreme:frying_pan":10,"minecraft:stone_bricks":1,"minecraft:golden_carrot":1,"tombstone:gift":4,"minecraft:cooked_beef":2,"minecraft:light_gray_bed":2,"minecraft:water_bucket":1,"apocalypsenow:cooked_human_flesh":2,"minecraft:stone_pickaxe":104,"minecraft:wooden_pickaxe":9,"vs_eureka:floater":54,"minecraft:cracked_stone_bricks":2,"minecraft:white_wool":18,"minecraft:sand":1,"minecraft:lime_bed":3,"minecraft:crafting_table":3,"minecraft:white_bed":3,"minecraft:birch_slab":3,"tombstone:magic_scroll":1,"minecraft:iron_door":1,"vs_eureka:birch_ship_helm":1,"minecraft:stone_axe":94,"minecraft:cobblestone":30,"minecraft:potion":1,"minecraft:cooked_porkchop":5,"minecraft:bucket":2,"minecraft:yellow_bed":1},"minecraft:killed_by":{"apocalypsenow:runner_36":1,"apocalypsenow:walker_22":1,"apocalypsenow:runner_46":1,"zombie_extreme:chainsaw":1,"cataclysm:deepling_brute":1,"apocalypsenow:runner_52":1},"minecraft:killed":{"apocalypsenow:walker_19":14,"apocalypsenow:crawler_4":1,"apocalypsenow:runner_37":1,"apocalypsenow:walker_1":1,"minecraft:spider":1,"apocalypsenow:horde_5":1,"apocalypsenow:walker_29":1,"apocalypsenow:runner_39":2,"apocalypsenow:runner_35":12,"apocalypsenow:walker_14":2,"apocalypsenow:walker_26":10,"apocalypsenow:walker_3":4,"apocalypsenow:horde_2":2,"minecraft:skeleton":1,"apocalypsenow:walker_25":1,"apocalypsenow:horde_1":1,"apocalypsenow:walker_15":1,"apocalypsenow:runner_42":2,"apocalypsenow:runner_45":14,"apocalypsenow:runner_46":4,"apocalypsenow:walker_10":1,"minecraft:drowned":4,"apocalypsenow:runner_38":1,"apocalypsenow:walker_22":1,"apocalypsenow:runner_34":13,"minecraft:pig":3,"apocalypsenow:runner_40":1,"apocalypsenow:runner_52":2,"apocalypsenow:runner_50":5,"apocalypsenow:runner_54":4,"apocalypsenow:walker_32":1,"minecraft:creeper":2,"apocalypsenow:walker_5":1,"zombie_extreme:chainsaw":1,"apocalypsenow:walker_27":6,"cataclysm:deepling_brute":1,"apocalypsenow:walker_16":1,"minecraft:zombie":2,"apocalypsenow:walker_12":10,"apocalypsenow:walker_13":3,"apocalypsenow:runner_43":7,"apocalypsenow:walker_17":4,"minecraft:stray":1,"apocalypsenow:runner_44":2,"zombie_extreme:infected_police":2,"zombie_extreme:devastated":1,"apocalypsenow:runner_36":7,"apocalypsenow:walker_24":1,"apocalypsenow:runner_51":1,"apocalypsenow:runner_55":3},"minecraft:broken":{"minecraft:leather_chestplate":1},"minecraft:custom":{"minecraft:interact_with_anvil":1,"minecraft:mob_kills":170,"minecraft:interact_with_crafting_table":17,"minecraft:damage_dealt_resisted":49,"minecraft:leave_game":3,"minecraft:time_since_death":7682,"minecraft:climb_one_cm":6800,"minecraft:damage_resisted":0,"minecraft:sprint_one_cm":234954,"minecraft:walk_one_cm":422042,"minecraft:damage_blocked_by_shield":780,"minecraft:drop":35,"minecraft:damage_dealt_absorbed":40,"minecraft:play_time":167913,"minecraft:sneak_time":8088,"minecraft:deaths":7,"minecraft:walk_under_water_one_cm":46569,"minecraft:jump":1498,"minecraft:interact_with_brewingstand":2,"minecraft:walk_on_water_one_cm":78784,"minecraft:total_world_time":169818,"minecraft:interact_with_furnace":13,"minecraft:sleep_in_bed":6,"minecraft:time_since_rest":7309,"minecraft:damage_taken":4136,"minecraft:damage_dealt":8477,"minecraft:swim_one_cm":50283,"minecraft:fly_one_cm":213838,"minecraft:open_chest":89,"minecraft:crouch_one_cm":24833,"tombstone:undead_killed":156,"minecraft:fall_one_cm":20465,"minecraft:horse_one_cm":717},"minecraft:dropped":{"apocalypsenow:human_flesh":4,"minecraft:birch_planks":1,"minecraft:wheat_seeds":2,"minecraft:oak_log":1,"minecraft:glass_bottle":1,"minecraft:copper_ingot":1,"minecraft:iron_door":1,"minecraft:sand":1,"minecraft:bone":11,"minecraft:cobblestone_wall":1,"minecraft:rotten_flesh":7,"patchouli:guide_book":1,"minecraft:potato":3,"minecraft:leather_boots":1,"minecraft:spider_eye":1,"minecraft:stone_bricks":5,"minecraft:iron_bars":5,"minecraft:stone_pickaxe":1,"minecraft:wooden_pickaxe":1},"minecraft:mined":{"biomesoplenty:cherry_log":2,"minecraft:white_bed":1,"minecraft:brewing_stand":1,"minecraft:grass_block":1,"minecraft:exposed_cut_copper_stairs":3,"minecraft:light_gray_bed":3,"zombie_extreme:dead_body":1,"minecraft:birch_slab":4,"minecraft:spawner":5,"minecraft:furnace":1,"minecraft:iron_ore":20,"minecraft:anvil":1,"minecraft:enchanting_table":1,"minecraft:bookshelf":5,"biomesoplenty:pink_cherry_leaves":1,"biomesoplenty:redwood_log":29,"minecraft:iron_bars":5,"minecraft:stone":18,"minecraft:white_wool":22,"vs_eureka:floater":12,"biomesoplenty:redwood_planks":22,"minecraft:glass_pane":2,"minecraft:quartz_block":1,"minecraft:torch":1,"vs_eureka:birch_ship_helm":1,"minecraft:stone_slab":2,"minecraft:tall_grass":2,"minecraft:cobblestone":4,"minecraft:deepslate_coal_ore":3,"biomesoplenty:sprout":1,"minecraft:iron_door":2,"minecraft:spruce_stairs":1,"minecraft:lime_bed":3,"vs_eureka:oak_ship_helm":2,"minecraft:cobblestone_wall":1,"minecraft:birch_log":3,"minecraft:yellow_bed":1,"minecraft:grass":4,"minecraft:oak_log":1,"minecraft:coal_ore":9,"minecraft:dirt":1,"minecraft:sand":2,"minecraft:cracked_stone_bricks":2,"minecraft:stone_bricks":8,"minecraft:fern":5},"minecraft:picked_up":{"biomesoplenty:redwood_log":29,"minecraft:iron_chestplate":1,"minecraft:clay_ball":5,"minecraft:chainmail_boots":1,"minecraft:anvil":1,"minecraft:stone_slab":4,"minecraft:potion":1,"minecraft:enchanted_book":5,"minecraft:brewing_stand":1,"minecraft:string":33,"minecraft:iron_shovel":1,"minecraft:cracked_stone_bricks":5,"apocalypsenow:rubber_hammer":2,"minecraft:furnace":1,"minecraft:iron_boots":1,"minecraft:raw_iron":20,"apotheosis:gem":2,"minecraft:copper_ingot":6,"minecraft:torch":3,"minecraft:bowl":1,"minecraft:spruce_stairs":1,"minecraft:porkchop":5,"tombstone:grave_dust":7,"minecraft:trident":1,"minecraft:carrot":8,"minecraft:quartz_block":2,"minecraft:stone_shovel":1,"apocalypsenow:usa_armor_leggings":2,"biomesoplenty:redwood_planks":10,"minecraft:stone_sword":2,"minecraft:arrow":7,"minecraft:light_gray_bed":2,"minecraft:rotten_flesh":47,"tombstone:essence_of_undeath":1,"minecraft:gold_ingot":5,"minecraft:iron_bars":8,"minecraft:white_wool":21,"minecraft:cobblestone":21,"minecraft:birch_log":3,"minecraft:enchanting_table":1,"minecraft:lime_bed":3,"minecraft:iron_door":2,"minecraft:birch_slab":6,"minecraft:leather":1,"minecraft:potato":2,"minecraft:oak_log":1,"jeg:scrap":6,"minecraft:yellow_bed":1,"minecraft:cobblestone_wall":1,"minecraft:gunpowder":10,"minecraft:dirt":3,"zombie_extreme:dead_body":1,"minecraft:leather_boots":4,"minecraft:bone":20,"minecraft:exposed_cut_copper_stairs":1,"minecraft:stone_bricks":11,"apocalypsenow:human_flesh":4,"minecraft:wheat_seeds":7,"minecraft:stone_pickaxe":1,"minecraft:glass_bottle":2,"minecraft:oak_planks":6,"jeg:tech_trash":1,"biomesoplenty:cherry_log":2,"minecraft:book":15,"vs_eureka:oak_ship_helm":1,"patchouli:guide_book":2,"vs_eureka:birch_ship_helm":1,"minecraft:sand":2,"minecraft:spider_eye":2,"minecraft:white_bed":1,"minecraft:bundle":2,"vs_eureka:floater":6,"minecraft:iron_helmet":1,"vs_eureka:ballast":1,"minecraft:chainmail_helmet":1,"tombstone:magic_scroll":1,"apocalypsenow:usa_armor_helmet":2,"minecraft:coal":12},"minecraft:crafted":{"minecraft:golden_carrot":1,"biomesoplenty:cherry_planks":8,"minecraft:stone_pickaxe":1,"minecraft:chest":4,"vs_eureka:floater":48,"minecraft:cooked_porkchop":5,"minecraft:crafting_table":3,"biomesoplenty:redwood_planks":116,"minecraft:wooden_pickaxe":1,"minecraft:birch_planks":12,"minecraft:air":0,"minecraft:gold_nugget":9,"apocalypsenow:cooked_human_flesh":2,"apocalypsenow:cooked_chicken_wing":1,"minecraft:stick":8,"minecraft:iron_ingot":10,"minecraft:stone_sword":1,"minecraft:white_bed":1}},"DataVersion":3120}