{"stats":{"minecraft:killed_by":{"cataclysm:deepling_brute":1,"apocalypsenow:runner_36":1,"apocalypsenow:runner_46":1,"apocalypsenow:runner_52":1},"minecraft:killed":{"apocalypsenow:walker_19":1,"apocalypsenow:crawler_4":1,"apocalypsenow:runner_37":1,"apocalypsenow:walker_1":1,"apocalypsenow:runner_39":1,"minecraft:creeper":2,"apocalypsenow:walker_5":1,"zombie_extreme:chainsaw":1,"apocalypsenow:horde_2":1,"apocalypsenow:walker_14":2,"apocalypsenow:walker_3":2,"minecraft:skeleton":1,"apocalypsenow:walker_16":1,"cataclysm:deepling_brute":1,"apocalypsenow:runner_36":1,"minecraft:zombie":1,"apocalypsenow:runner_42":1,"apocalypsenow:walker_10":1,"apocalypsenow:runner_46":1,"apocalypsenow:walker_12":2,"apocalypsenow:walker_15":1,"minecraft:drowned":4,"minecraft:stray":1,"apocalypsenow:runner_38":1,"apocalypsenow:walker_24":1,"apocalypsenow:runner_55":1},"minecraft:mined":{"biomesoplenty:redwood_planks":1,"biomesoplenty:cherry_log":2,"minecraft:torch":1,"zombie_extreme:dead_body":1,"minecraft:cobblestone":3,"minecraft:tall_grass":1,"minecraft:deepslate_coal_ore":3,"biomesoplenty:sprout":1,"minecraft:iron_door":2,"minecraft:spawner":5,"minecraft:spruce_stairs":1,"minecraft:lime_bed":2,"minecraft:cobblestone_wall":1,"minecraft:birch_log":3,"minecraft:iron_ore":9,"biomesoplenty:redwood_log":29,"minecraft:enchanting_table":1,"biomesoplenty:pink_cherry_leaves":1,"minecraft:grass":2,"minecraft:bookshelf":5,"minecraft:oak_log":1,"minecraft:iron_bars":5,"minecraft:sand":2,"minecraft:cracked_stone_bricks":2,"minecraft:stone_bricks":7,"minecraft:stone":16,"minecraft:fern":5},"minecraft:used":{"minecraft:water_bucket":1,"minecraft:trident":105,"minecraft:iron_bars":3,"minecraft:stone_sword":16,"biomesoplenty:redwood_planks":18,"minecraft:stone_pickaxe":69,"minecraft:chest":2,"minecraft:shield":14,"minecraft:wooden_pickaxe":9,"zombie_extreme:dead_body":1,"minecraft:rotten_flesh":16,"minecraft:cracked_stone_bricks":2,"minecraft:torch":26,"minecraft:sand":1,"minecraft:lime_bed":2,"minecraft:crafting_table":3,"minecraft:carrot":12,"minecraft:milk_bucket":1,"minecraft:wooden_axe":2,"biomesoplenty:cherry_planks":4,"minecraft:cobblestone":13,"minecraft:potion":1,"minecraft:golden_carrot":1,"minecraft:iron_boots":1,"minecraft:iron_door":1,"zombie_extreme:frying_pan":10,"minecraft:stone_bricks":1,"minecraft:stone_axe":40,"minecraft:bucket":2,"tombstone:gift":2,"minecraft:cooked_beef":2},"minecraft:crafted":{"minecraft:golden_carrot":1,"biomesoplenty:cherry_planks":8,"minecraft:crafting_table":3,"biomesoplenty:redwood_planks":40,"minecraft:wooden_pickaxe":1,"minecraft:birch_planks":12,"minecraft:gold_nugget":9,"minecraft:chest":2,"minecraft:stick":8,"minecraft:stone_pickaxe":1,"minecraft:stone_sword":1},"minecraft:custom":{"minecraft:interact_with_furnace":2,"minecraft:mob_kills":33,"minecraft:interact_with_crafting_table":10,"minecraft:damage_dealt_resisted":0,"minecraft:leave_game":1,"minecraft:time_since_death":21058,"minecraft:sleep_in_bed":2,"minecraft:climb_one_cm":6800,"minecraft:damage_resisted":0,"minecraft:time_since_rest":9354,"minecraft:sprint_one_cm":156092,"minecraft:damage_taken":2008,"minecraft:walk_one_cm":218718,"minecraft:damage_blocked_by_shield":720,"minecraft:drop":34,"minecraft:damage_dealt":4583,"minecraft:swim_one_cm":19857,"minecraft:fly_one_cm":73961,"minecraft:open_chest":30,"minecraft:crouch_one_cm":9246,"minecraft:play_time":65494,"tombstone:undead_killed":27,"minecraft:deaths":5,"minecraft:sneak_time":3005,"minecraft:walk_under_water_one_cm":6880,"minecraft:jump":775,"minecraft:walk_on_water_one_cm":21807,"minecraft:total_world_time":67399,"minecraft:fall_one_cm":8084},"minecraft:picked_up":{"minecraft:birch_log":3,"minecraft:enchanting_table":1,"minecraft:lime_bed":2,"minecraft:iron_door":2,"minecraft:potato":2,"minecraft:oak_log":1,"minecraft:gunpowder":9,"minecraft:cobblestone_wall":1,"minecraft:string":1,"zombie_extreme:dead_body":1,"minecraft:leather_boots":3,"minecraft:iron_shovel":1,"minecraft:bone":18,"minecraft:stone_bricks":6,"minecraft:cracked_stone_bricks":3,"minecraft:wheat_seeds":3,"apocalypsenow:rubber_hammer":1,"minecraft:glass_bottle":1,"jeg:tech_trash":1,"biomesoplenty:cherry_log":2,"minecraft:iron_boots":1,"minecraft:book":15,"minecraft:raw_iron":9,"apotheosis:gem":1,"minecraft:stone_shovel":1,"minecraft:copper_ingot":3,"minecraft:torch":3,"minecraft:bowl":1,"biomesoplenty:redwood_planks":1,"minecraft:stone_sword":1,"apocalypsenow:usa_armor_leggings":1,"minecraft:sand":2,"minecraft:bundle":1,"tombstone:grave_dust":5,"minecraft:carrot":8,"minecraft:arrow":7,"minecraft:rotten_flesh":34,"minecraft:chainmail_helmet":1,"tombstone:essence_of_undeath":1,"minecraft:gold_ingot":5,"apocalypsenow:usa_armor_helmet":1,"minecraft:iron_bars":8,"minecraft:coal":3,"minecraft:cobblestone":18,"biomesoplenty:redwood_log":29},"minecraft:dropped":{"apocalypsenow:human_flesh":4,"minecraft:birch_planks":1,"minecraft:wheat_seeds":2,"minecraft:oak_log":1,"minecraft:cobblestone_wall":1,"minecraft:glass_bottle":1,"minecraft:rotten_flesh":7,"minecraft:copper_ingot":1,"patchouli:guide_book":1,"minecraft:potato":3,"minecraft:leather_boots":1,"minecraft:iron_door":1,"minecraft:spider_eye":1,"minecraft:stone_bricks":5,"minecraft:iron_bars":5,"minecraft:sand":1,"minecraft:wooden_pickaxe":1,"minecraft:bone":11}},"DataVersion":3120}