{"stats":{"minecraft:custom":{"minecraft:jump":16,"minecraft:open_chest":16,"minecraft:time_since_rest":12143,"minecraft:walk_on_water_one_cm":906,"minecraft:crouch_one_cm":288,"minecraft:leave_game":3,"minecraft:play_time":12143,"minecraft:sprint_one_cm":2976,"minecraft:time_since_death":12143,"minecraft:walk_one_cm":9449,"minecraft:sneak_time":336,"minecraft:walk_under_water_one_cm":3068,"minecraft:total_world_time":17344,"minecraft:swim_one_cm":2209,"minecraft:fly_one_cm":51189},"minecraft:used":{"minecraft:oak_sign":3,"minecraft:chest":3,"minecraft:stone":12,"minecraft:sand":1,"automobility:auto_mechanic_table":1,"minecraft:structure_block":1}},"DataVersion":3120}