{"stats":{"minecraft:custom":{"minecraft:interact_with_anvil":1,"minecraft:mob_kills":261,"minecraft:interact_with_crafting_table":1,"minecraft:damage_dealt_resisted":0,"minecraft:leave_game":3,"minecraft:time_since_death":58901,"minecraft:climb_one_cm":57,"minecraft:time_since_rest":58901,"minecraft:sprint_one_cm":22659,"minecraft:walk_one_cm":43839,"minecraft:drop":1,"minecraft:fly_one_cm":807032,"minecraft:open_chest":5,"minecraft:crouch_one_cm":1737,"minecraft:play_time":58901,"tombstone:undead_killed":216,"minecraft:sneak_time":2575,"minecraft:walk_under_water_one_cm":26739,"minecraft:jump":105,"minecraft:walk_on_water_one_cm":11373,"minecraft:total_world_time":67702},"minecraft:killed":{"zombie_extreme:crawler":1,"graveyard:skeleton_creeper":1,"apocalypsenow:walker_19":17,"naturalist:firefly":1,"apocalypsenow:runner_40":2,"rottencreatures:dead_beard":1,"minecraft:salmon":10,"apocalypsenow:runner_37":3,"apocalypsenow:runner_52":1,"minecraft:spider":3,"apocalypsenow:horde_5":1,"apocalypsenow:walker_11":1,"apocalypsenow:walker_23":1,"minecraft:cod":20,"apocalypsenow:runner_39":1,"apocalypsenow:runner_50":10,"apocalypsenow:runner_54":3,"apocalypsenow:runner_35":27,"minecraft:creeper":1,"minecraft:squid":3,"zombie_extreme:chainsaw":1,"apocalypsenow:walker_26":28,"apocalypsenow:walker_27":5,"apocalypsenow:horde_3":1,"kevin_trophy:crawler_zombie":1,"apocalypsenow:walker_16":1,"apocalypsenow:walker_12":10,"apocalypsenow:walker_13":5,"apocalypsenow:walker_15":13,"apocalypsenow:walker_17":4,"apocalypsenow:runner_43":8,"apocalypsenow:runner_42":8,"apocalypsenow:runner_46":1,"apocalypsenow:runner_44":1,"apocalypsenow:runner_45":17,"zombie_extreme:infected_police":1,"apocalypsenow:walker_18":5,"apocalypsenow:runner_36":8,"apocalypsenow:runner_38":1,"apocalypsenow:runner_34":31,"zombie_extreme:runner":2},"minecraft:dropped":{"minecraft:stick":1},"minecraft:picked_up":{"apocalypsenow:u_sarmy_boots":1,"minecraft:fishing_rod":1,"minecraft:iron_chestplate":1,"securitycraft:speed_module":2,"securitycraft:furnace_mine":1,"apocalypsenow:u_sarmy_helmet":1,"minecraft:enchanted_book":1,"minecraft:heavy_weighted_pressure_plate":4,"securitycraft:sentry":4,"minecraft:iron_leggings":1,"apocalypsenow:cooked_human_flesh":4,"minecraft:apple":2,"securitycraft:universal_block_reinforcer_lvl1":1,"minecraft:iron_ingot":8,"securitycraft:keycard_lv1":1,"minecraft:stone_pickaxe":1,"onlyhammers:stone_hammer":1,"minecraft:iron_nugget":9,"minecraft:iron_pickaxe":1,"apocalypsenow:crowbar":1,"minecraft:oak_planks":248,"minecraft:phantom_membrane":1,"minecraft:stick":1,"apotheosis:gem":1,"minecraft:pumpkin":13,"minecraft:torch":37,"minecraft:trident":1,"securitycraft:whitelist_module":2,"minecraft:bundle":7,"minecraft:rotten_flesh":130,"minecraft:stone_axe":2,"minecraft:chainmail_leggings":1,"minecraft:bread":18,"apocalypsenow:civilian_body_vest_chestplate":1,"minecraft:coal":83,"minecraft:cobblestone":21},"minecraft:used":{"securitycraft:trophy_system":3,"scorchedguns:lg8_grenade_launcher":23,"minecraft:ladder":1,"minecraft:spruce_planks":1,"minecraft:sandstone":2,"minecraft:structure_block":3,"minecraft:cobblestone_wall":1,"securitycraft:protecto":5,"minecraft:glass":2,"minecraft:iron_block":83,"securitycraft:sentry":61,"minecraft:glowstone":3,"minecraft:gray_wool":119}},"DataVersion":3120}