{"stats":{"minecraft:picked_up":{"biomesoplenty:redwood_log":29,"minecraft:iron_chestplate":1,"minecraft:wheat":3,"minecraft:chainmail_boots":1,"minecraft:clay_ball":5,"minecraft:ladder":1,"minecraft:anvil":1,"minecraft:leather_leggings":3,"minecraft:stone_slab":5,"minecraft:potion":1,"minecraft:enchanted_book":5,"minecraft:brewing_stand":1,"minecraft:brick":1,"minecraft:string":35,"minecraft:raw_copper":38,"cgm:shotgun":1,"minecraft:iron_shovel":1,"minecraft:cracked_stone_bricks":5,"minecraft:cobbled_deepslate":1,"minecraft:iron_boots":1,"minecraft:furnace":1,"minecraft:raw_iron":39,"minecraft:stick":1,"apotheosis:gem":5,"minecraft:copper_ingot":6,"minecraft:oak_fence":1,"minecraft:torch":3,"minecraft:bowl":1,"minecraft:spruce_stairs":1,"minecraft:porkchop":5,"scorchedguns:wooden_stock":1,"tombstone:grave_dust":8,"minecraft:trident":2,"minecraft:carrot":8,"apocalypsenow:spec_ops_chestplate":1,"minecraft:quartz_block":4,"biomesoplenty:redwood_planks":10,"minecraft:stone_sword":2,"minecraft:light_gray_bed":2,"minecraft:arrow":9,"minecraft:stone_shovel":2,"minecraft:rotten_flesh":73,"create:ochrum":2,"apocalypsenow:kukri_machete":1,"zombie_extreme:rotten_apple":5,"minecraft:gold_ingot":5,"tombstone:essence_of_undeath":1,"minecraft:iron_bars":14,"minecraft:white_wool":21,"minecraft:cobblestone":23,"minecraft:birch_log":3,"minecraft:enchanting_table":1,"minecraft:lime_bed":3,"minecraft:leather_chestplate":1,"minecraft:iron_door":2,"minecraft:birch_slab":6,"minecraft:leather":1,"minecraft:potato":2,"create:raw_zinc":8,"minecraft:oak_log":3,"jeg:scrap":9,"minecraft:yellow_bed":1,"minecraft:cobblestone_wall":4,"minecraft:gunpowder":10,"scalinghealth:heart_crystal":2,"minecraft:dirt":3,"zombie_extreme:raw_lead":2,"zombie_extreme:dead_body":1,"minecraft:cooked_mutton":1,"minecraft:leather_boots":4,"minecraft:bone":20,"minecraft:exposed_cut_copper_stairs":1,"minecraft:stone_bricks":20,"apocalypsenow:human_flesh":1,"minecraft:wheat_seeds":13,"minecraft:iron_ingot":1,"minecraft:stone_pickaxe":1,"minecraft:mossy_stone_bricks":1,"minecraft:glass_bottle":2,"minecraft:oak_planks":14,"biomesoplenty:cherry_log":2,"jeg:tech_trash":1,"minecraft:book":15,"minecraft:oak_slab":1,"scalinghealth:heart_crystal_shard":4,"vs_eureka:oak_ship_helm":1,"minecraft:pumpkin":3,"patchouli:guide_book":2,"vs_eureka:birch_ship_helm":1,"minecraft:quartz":1,"minecraft:dripstone_block":4,"minecraft:sand":2,"minecraft:spruce_sapling":2,"minecraft:white_bed":1,"minecraft:spruce_log":14,"minecraft:spider_eye":5,"minecraft:bundle":2,"minecraft:stone_axe":1,"vs_eureka:floater":6,"minecraft:iron_helmet":1,"vs_eureka:ballast":1,"minecraft:chainmail_helmet":1,"tombstone:magic_scroll":1,"minecraft:oak_sapling":1,"minecraft:coal":43},"minecraft:broken":{"minecraft:iron_boots":1,"minecraft:leather_chestplate":1,"minecraft:stone_axe":1},"minecraft:mined":{"create:zinc_ore":8,"minecraft:white_bed":1,"biomesoplenty:cherry_log":2,"minecraft:brewing_stand":1,"minecraft:grass_block":1,"create:ochrum":2,"minecraft:exposed_cut_copper_stairs":3,"minecraft:light_gray_bed":3,"zombie_extreme:dead_body":1,"minecraft:birch_slab":4,"minecraft:spruce_leaves":9,"minecraft:spawner":5,"minecraft:furnace":1,"zombie_extreme:ore_lead":2,"minecraft:iron_ore":39,"minecraft:anvil":1,"minecraft:pumpkin":3,"minecraft:enchanting_table":1,"minecraft:bookshelf":5,"biomesoplenty:redwood_log":29,"biomesoplenty:pink_cherry_leaves":1,"minecraft:iron_bars":5,"minecraft:stone":19,"minecraft:white_wool":22,"vs_eureka:floater":12,"biomesoplenty:redwood_planks":22,"minecraft:glass_pane":2,"jeg:scrap_ore":1,"minecraft:quartz_block":3,"minecraft:torch":1,"vs_eureka:birch_ship_helm":1,"minecraft:copper_ore":11,"minecraft:stone_slab":3,"minecraft:tall_grass":3,"minecraft:cobblestone":5,"minecraft:deepslate_coal_ore":8,"biomesoplenty:sprout":2,"minecraft:iron_door":2,"minecraft:spruce_stairs":1,"minecraft:lime_bed":3,"vs_eureka:oak_ship_helm":2,"minecraft:cobblestone_wall":2,"minecraft:birch_log":3,"minecraft:wheat":5,"minecraft:spruce_log":14,"minecraft:yellow_bed":1,"minecraft:grass":4,"minecraft:coal_ore":36,"minecraft:oak_log":3,"biomesoplenty:fir_leaves":1,"minecraft:dirt":1,"minecraft:sand":2,"minecraft:dripstone_block":4,"minecraft:cracked_stone_bricks":2,"minecraft:stone_bricks":8,"minecraft:oak_leaves":13,"minecraft:deepslate":1,"minecraft:fern":5},"minecraft:dropped":{"minecraft:birch_planks":1,"minecraft:wheat_seeds":2,"minecraft:oak_log":1,"minecraft:glass_bottle":1,"man:cassette_1safetyinstructions":1,"minecraft:cracked_stone_bricks":2,"minecraft:copper_ingot":1,"minecraft:birch_slab":3,"zombie_extreme:rotten_apple":2,"minecraft:iron_door":1,"minecraft:potion":1,"minecraft:sand":1,"minecraft:bone":11,"minecraft:cobbled_deepslate":1,"minecraft:stone_sword":2,"minecraft:cobblestone_wall":2,"minecraft:rotten_flesh":7,"minecraft:stone_slab":1,"patchouli:guide_book":2,"minecraft:potato":3,"minecraft:iron_chestplate":1,"minecraft:leather_boots":1,"apotheosis:gem":1,"minecraft:stone_bricks":5,"minecraft:spider_eye":2,"minecraft:iron_bars":5,"minecraft:stone_pickaxe":1,"minecraft:wooden_pickaxe":1},"minecraft:used":{"minecraft:iron_bars":3,"minecraft:stone_sword":16,"minecraft:trident":280,"minecraft:iron_shovel":1,"biomesoplenty:redwood_planks":80,"minecraft:ladder":1,"minecraft:chest":8,"minecraft:shield":28,"zombie_extreme:dead_body":1,"minecraft:rotten_flesh":31,"minecraft:oak_door":1,"minecraft:torch":34,"scalinghealth:heart_crystal":6,"minecraft:anvil":1,"cgm:workbench":1,"minecraft:cobblestone_wall":14,"minecraft:carrot":12,"zombie_extreme:bandage":1,"minecraft:milk_bucket":3,"minecraft:wooden_axe":2,"biomesoplenty:cherry_planks":4,"cgm:shotgun":115,"scorchedguns:sc_fusilage":349,"minecraft:quartz_block":10,"minecraft:iron_boots":1,"minecraft:golden_carrot":1,"minecraft:stone_bricks":19,"zombie_extreme:frying_pan":10,"vs_eureka:oak_ship_helm":1,"tombstone:gift":4,"minecraft:cooked_beef":2,"minecraft:light_gray_bed":2,"minecraft:cooked_mutton":1,"minecraft:water_bucket":5,"minetraps:ghost_block":2,"minecraft:oak_planks":8,"minecraft:stone_pickaxe":128,"minecraft:wooden_pickaxe":9,"vs_eureka:floater":54,"minetraps:razor_wire":1,"minecraft:cracked_stone_bricks":2,"minecraft:white_wool":18,"minecraft:sand":1,"minecraft:lime_bed":3,"minecraft:crafting_table":3,"minecraft:white_bed":5,"minecraft:dripstone_block":4,"minecraft:birch_slab":3,"minecraft:bread":26,"minecraft:iron_pickaxe":64,"minetraps:spikes":1,"tombstone:magic_scroll":1,"minecraft:iron_door":1,"vs_eureka:birch_ship_helm":1,"minecraft:stone_axe":136,"minecraft:cobblestone":46,"minecraft:potion":1,"minecraft:cooked_porkchop":5,"minecraft:bucket":6,"minecraft:yellow_bed":1},"minecraft:killed_by":{"zombie_extreme:chainsaw":1,"cataclysm:deepling_brute":1},"minecraft:custom":{"minecraft:interact_with_anvil":1,"minecraft:mob_kills":245,"minecraft:interact_with_crafting_table":20,"minecraft:open_barrel":1,"minecraft:interact_with_campfire":1,"minecraft:damage_dealt_resisted":49,"minecraft:leave_game":6,"minecraft:time_since_death":124561,"minecraft:climb_one_cm":27603,"minecraft:damage_resisted":0,"minecraft:sprint_one_cm":402972,"minecraft:walk_one_cm":651790,"minecraft:damage_blocked_by_shield":1190,"minecraft:drop":51,"minecraft:damage_dealt_absorbed":40,"minecraft:talked_to_villager":1,"minecraft:play_time":284792,"minecraft:sneak_time":13492,"minecraft:deaths":7,"minecraft:walk_under_water_one_cm":51371,"minecraft:jump":2803,"minecraft:interact_with_brewingstand":2,"minecraft:walk_on_water_one_cm":103941,"minecraft:total_world_time":286697,"minecraft:interact_with_furnace":19,"minecraft:sleep_in_bed":11,"minecraft:time_since_rest":9026,"minecraft:damage_taken":6428,"minecraft:damage_dealt":12908,"minecraft:swim_one_cm":64418,"minecraft:fly_one_cm":423510,"minecraft:open_chest":138,"minecraft:crouch_one_cm":43395,"tombstone:undead_killed":213,"minecraft:fall_one_cm":50928,"minecraft:horse_one_cm":717},"minecraft:crafted":{"minecraft:golden_carrot":1,"minecraft:oak_planks":8,"biomesoplenty:cherry_planks":8,"minecraft:stone_pickaxe":1,"minecraft:chest":4,"vs_eureka:floater":48,"minecraft:cooked_porkchop":5,"minecraft:crafting_table":3,"biomesoplenty:redwood_planks":116,"minecraft:wooden_pickaxe":1,"minecraft:birch_planks":12,"minecraft:air":0,"minecraft:gold_nugget":9,"minecraft:stick":16,"minecraft:iron_ingot":10,"minecraft:iron_pickaxe":1,"minecraft:stone_sword":1,"minecraft:white_bed":3,"minecraft:torch":8},"minecraft:killed":{"apocalypsenow:walker_19":2,"zombie_extreme:night_hunter":1,"apocalypsenow:looter_1":1,"apocalypsenow:crawler_4":2,"apocalypsenow:runner_37":3,"apocalypsenow:military_02":1,"apocalypsenow:runner_49":1,"minecraft:spider":4,"apocalypsenow:walker_29":1,"apocalypsenow:runner_39":1,"apocalypsenow:walker_3":1,"apocalypsenow:walker_14":1,"minecraft:skeleton":3,"apocalypsenow:walker_25":2,"apocalypsenow:walker_15":1,"apocalypsenow:crawler_1":1,"zombie_extreme:ram":1,"apocalypsenow:runner_42":1,"apocalypsenow:runner_46":1,"apocalypsenow:runner_45":2,"apocalypsenow:walker_10":2,"apocalypsenow:walker_18":3,"apocalypsenow:runner_53":1,"minecraft:drowned":4,"apocalypsenow:runner_38":1,"apocalypsenow:walker_22":1,"zombie_extreme:runner":4,"apocalypsenow:walker_8":1,"apocalypsenow:walker_30":1,"zombie_extreme:crawler":1,"apocalypsenow:walker_20":1,"minecraft:pig":3,"zombie_extreme:boomer":1,"zombie_extreme:infected":2,"zombie_extreme:infected_military":1,"apocalypsenow:runner_52":3,"apocalypsenow:walker_11":1,"apocalypsenow:soldiers":1,"apocalypsenow:walker_7":4,"apocalypsenow:walker_32":2,"zombie_extreme:bomber":1,"minecraft:creeper":3,"zombie_extreme:chainsaw":2,"apocalypsenow:walker_27":2,"cataclysm:deepling_brute":1,"kevin_trophy:crawler_zombie":1,"minecraft:zombie":3,"apocalypsenow:walker_17":2,"minecraft:stray":1,"apocalypsenow:runner_47":1,"apocalypsenow:looter_4":1,"zombie_extreme:infected_police":2,"zombie_extreme:devastated":1,"apocalypsenow:runner_36":1,"apocalypsenow:walker_28":2,"apocalypsenow:runner_51":3,"apocalypsenow:runner_55":1,"apocalypsenow:walker_31":1,"apocalypsenow:walker_2":2}},"DataVersion":3120}