{"stats":{"minecraft:mined":{"minecraft:dark_oak_log":9,"biomesoplenty:bush":2,"minecraft:white_stained_glass":1,"minecraft:polished_andesite_slab":1,"minecraft:red_stained_glass_pane":2,"minecraft:bookshelf":30,"minecraft:oak_fence":1,"minecraft:torch":1,"minecraft:glass":2,"minecraft:tall_grass":1,"biomesoplenty:sprout":1,"minecraft:cyan_bed":2,"minecraft:potted_acacia_sapling":1,"minecraft:sugar_cane":10,"farmersdelight:wild_beetroots":10,"farmersdelight:sandy_shrub":3,"biomesoplenty:umbran_log":16,"biomesoplenty:fir_log":1,"minecraft:grass":4,"minecraft:oak_log":4,"minecraft:zombie_head":1,"minecraft:dirt":5},"minecraft:crafted":{"minecraft:oak_planks":16,"minecraft:dark_oak_planks":12,"minecraft:stick":24,"minecraft:torch":96},"minecraft:custom":{"lootr:looted_stat":18,"minecraft:interact_with_anvil":5,"minecraft:mob_kills":618,"minecraft:interact_with_crafting_table":2,"minecraft:open_barrel":1,"minecraft:damage_dealt_resisted":0,"minecraft:leave_game":13,"minecraft:time_since_death":147008,"minecraft:climb_one_cm":1850,"minecraft:damage_resisted":0,"minecraft:sprint_one_cm":285358,"minecraft:walk_one_cm":524189,"minecraft:drop":7,"minecraft:talked_to_villager":5,"minecraft:play_time":505792,"minecraft:sneak_time":18654,"minecraft:deaths":3,"minecraft:walk_under_water_one_cm":80487,"minecraft:jump":1650,"minecraft:interact_with_blast_furnace":1,"minecraft:walk_on_water_one_cm":52545,"minecraft:total_world_time":514593,"minecraft:interact_with_furnace":15,"tombstone:raider_killed":3,"minecraft:interact_with_grindstone":1,"minecraft:sleep_in_bed":7,"minecraft:waystone_activated":1,"minecraft:time_since_rest":145928,"minecraft:damage_taken":2222,"minecraft:use_wand":2353,"minecraft:damage_dealt":2253,"minecraft:interact_with_beacon":1,"minecraft:swim_one_cm":26148,"minecraft:fly_one_cm":3790715,"minecraft:open_chest":44,"minecraft:crouch_one_cm":21529,"tombstone:undead_killed":507,"tombstone:villager_killed":1,"minecraft:interact_with_smoker":1,"minecraft:fall_one_cm":18733},"minecraft:dropped":{"apocalypsenow:antibiotics":1,"minecraft:stick":1,"minecraft:wooden_axe":1,"minecraft:rotten_flesh":2,"apocalypsenow:bloodybandages":1,"minecraft:cyan_bed":1},"minecraft:used":{"minecraft:oak_fence":2,"securitycraft:trophy_system":4,"scorchedguns:lg8_grenade_launcher":111,"minecraft:flint_and_steel":1,"minecraft:ladder":1,"minecraft:chest":5,"minecraft:spruce_planks":1,"minecraft:iron_sword":33,"minecraft:stone":33,"jeg:holy_shotgun":19,"apocalypsenow:cleaver":7,"minecraft:structure_block":8,"minecraft:oak_door":2,"apocalypsenow:runner_43_spawn_egg":6,"minecraft:torch":50,"scalinghealth:heart_crystal":1,"minecraft:dirt":1309,"minecraft:anvil":2,"cgm:workbench":1,"easy_npc:humanoid_slim_spawn_egg":7,"jeg:gunnite_workbench":2,"minecraft:cobblestone_wall":1,"jeg:grenade":2,"securitycraft:protecto":9,"minecraft:glass":2,"minecraft:dark_oak_planks":53,"minecraft:red_wool":2,"cgm:shotgun":72,"minecraft:iron_block":88,"minecraft:iron_axe":65,"minecraft:grass_block":794,"minecraft:oak_stairs":6,"constructionwand:infinity_wand":125,"minetraps:barbed_wire":2,"minecraft:stone_bricks":61,"cgm:grenade_launcher":4,"securitycraft:sentry":355,"simpleplanes:plane":5,"minecraft:glowstone":437,"minecraft:furnace":4,"apocalypsenow:runner_34_spawn_egg":2,"apocalypsenow:taiga_1_survival_machete":22,"minecraft:dirt_path":592,"minecraft:oak_planks":15,"create:red_seat":1,"minecraft:sandstone":2,"minetraps:razor_wire":7,"minecraft:redstone_block":2,"minecraft:cobblestone_slab":4,"minecraft:stonecutter":1,"elevatorid:elevator_white":7,"jeg:gunmetal_workbench":2,"minecraft:campfire":4,"cgm:bazooka":149,"minecraft:oak_slab":23,"minecraft:stone_brick_wall":3,"minecraft:blast_furnace":3,"securitycraft:furnace_mine":2,"minecraft:smoker":3,"jeg:recycler":1,"securitycraft:reinforced_gray_wool":425,"minecraft:dark_oak_log":4,"minecraft:command_block":4,"minecraft:bread":24,"minecraft:cyan_bed":6,"minecraft:iron_pickaxe":2,"minecraft:spruce_trapdoor":2,"minecraft:stone_slab":2,"securitycraft:reinforced_iron_block":1,"minecraft:gravel":1,"jeg:scrap_workbench":1,"easy_npc:fairy_spawn_egg":1,"apexguns:spitfire":77,"minecraft:cobblestone":76,"minecraft:grindstone":1,"minecraft:smithing_table":1,"securitycraft:admin_tool":1,"minecraft:sea_pickle":65,"minecraft:gray_wool":126},"minecraft:killed":{"graveyard:skeleton_creeper":1,"apocalypsenow:walker_19":30,"apocalypsenow:crawler_3":1,"apocalypsenow:soldiers_02":1,"apocalypsenow:looter_1":8,"apocalypsenow:crawler_4":1,"apocalypsenow:military_02":3,"apocalypsenow:runner_37":7,"apocalypsenow:walker_1":1,"apocalypsenow:runner_49":2,"minecraft:spider":8,"easy_npc:humanoid_slim":1,"apocalypsenow:horde_5":1,"minecraft:cod":24,"apocalypsenow:runner_39":3,"apocalypsenow:runner_35":57,"apocalypsenow:walker_26":54,"apocalypsenow:walker_3":2,"apocalypsenow:walker_14":2,"minecraft:phantom":3,"apocalypsenow:horde_2":1,"minecraft:skeleton":4,"apocalypsenow:walker_25":4,"apocalypsenow:walker_15":25,"apocalypsenow:runner_41":1,"apocalypsenow:runner_42":19,"naturalist:bass":2,"apocalypsenow:runner_46":2,"apocalypsenow:runner_45":35,"apocalypsenow:walker_10":2,"apocalypsenow:walker_18":10,"apocalypsenow:walker_33":3,"minecraft:drowned":1,"apocalypsenow:runner_38":1,"apocalypsenow:walker_22":7,"apocalypsenow:runner_34":65,"apocalypsenow:walker_8":1,"apocalypsenow:walker_4":2,"apocalypsenow:walker_30":3,"apocalypsenow:walker_20":2,"apocalypsenow:runner_40":3,"man:managgresive":3,"naturalist:firefly":2,"rottencreatures:dead_beard":1,"minecraft:salmon":12,"apocalypsenow:runner_52":3,"apocalypsenow:walker_11":2,"apocalypsenow:walker_23":4,"mutantmonsters:mutant_skeleton":1,"apocalypsenow:walker_7":1,"apocalypsenow:runner_50":22,"apocalypsenow:runner_54":8,"apocalypsenow:walker_32":3,"minecraft:creeper":4,"minecraft:squid":4,"apocalypsenow:walker_5":5,"minecraft:sheep":5,"apocalypsenow:cannibal":1,"apocalypsenow:horde_3":1,"apocalypsenow:walker_27":9,"kevin_trophy:crawler_zombie":1,"minecraft:zombie":2,"apocalypsenow:walker_16":3,"apocalypsenow:walker_12":17,"apocalypsenow:walker_13":12,"apocalypsenow:walker_17":10,"apocalypsenow:runner_43":16,"minecraft:stray":1,"apocalypsenow:runner_47":1,"apocalypsenow:runner_44":4,"apocalypsenow:crawler_2":1,"apocalypsenow:runner_36":15,"mutantmonsters:mutant_zombie":1,"apocalypsenow:horde_4":1,"apocalypsenow:walker_28":2,"apocalypsenow:runner_51":3,"apocalypsenow:runner_55":3,"apocalypsenow:walker_31":1,"minecraft:villager":1,"kevin_trophy:zombie_brute":1,"apocalypsenow:walker_6":1,"minecraft:cow":4,"apocalypsenow:walker_2":1},"minecraft:picked_up":{"minecraft:wooden_axe":1,"minecraft:fishing_rod":1,"minecraft:iron_chestplate":1,"minecraft:wheat":1,"minecraft:allium":1,"minecraft:ladder":1,"minecraft:flower_pot":1,"minecraft:leather_leggings":2,"minecraft:lead":1,"tconstruct:materials_and_you":1,"securitycraft:furnace_mine":1,"apocalypsenow:u_sarmy_helmet":1,"minecraft:enchanted_book":1,"minecraft:heavy_weighted_pressure_plate":7,"minecraft:iron_leggings":1,"minecraft:netherite_scrap":1,"minecraft:iron_shovel":1,"minecraft:zombie_head":1,"minecraft:beetroot":1,"minecraft:beef":1,"securitycraft:keycard_lv1":1,"apocalypsenow:fire_axe":1,"minecraft:redstone_torch":1,"minecraft:iron_nugget":9,"onlyhammers:stone_hammer":1,"minecraft:iron_pickaxe":1,"minecraft:sugar_cane":12,"minecraft:phantom_membrane":1,"minecraft:stick":3,"apotheosis:gem":1,"minecraft:oak_fence":3,"minecraft:torch":38,"apocalypsenow:antibiotics":1,"minecraft:stone_button":3,"tombstone:grave_dust":11,"minecraft:trident":1,"minecraft:arrow":2,"minecraft:rotten_flesh":232,"minecraft:beetroot_seeds":10,"minecraft:gold_ingot":2,"apocalypsenow:civilian_body_vest_chestplate":1,"minecraft:mutton":1,"minecraft:iron_bars":6,"minecraft:white_wool":1,"minecraft:cobblestone":21,"apocalypsenow:u_sarmy_boots":1,"securitycraft:speed_module":2,"minecraft:leather":1,"biomesoplenty:fir_log":1,"minecraft:oak_log":5,"minecraft:gunpowder":2,"scalinghealth:heart_crystal":2,"minecraft:dirt":10,"minecraft:lantern":1,"securitycraft:sentry":16,"apocalypsenow:cooked_human_flesh":4,"minecraft:red_carpet":2,"minecraft:bone":3,"minecraft:apple":2,"minecraft:bow":1,"minecraft:wheat_seeds":5,"apocalypsenow:human_flesh":6,"minecraft:iron_ingot":10,"minecraft:stone_pickaxe":1,"securitycraft:universal_block_reinforcer_lvl1":1,"tombstone:bag_of_seeds":1,"apocalypsenow:crowbar":1,"minecraft:iron_sword":1,"minecraft:oak_planks":248,"minecraft:acacia_sapling":1,"biomesoplenty:umbran_log":15,"minecraft:book":87,"minecraft:oak_slab":1,"scalinghealth:heart_crystal_shard":14,"simpleplanes:plane":1,"minecraft:pumpkin":13,"patchouli:guide_book":1,"minecraft:cyan_bed":3,"minecraft:dark_oak_log":9,"securitycraft:whitelist_module":2,"minecraft:bundle":8,"minecraft:yellow_carpet":3,"minecraft:stone_axe":2,"minecraft:lever":3,"minecraft:chainmail_leggings":1,"minecraft:iron_helmet":1,"minecraft:gray_wool":9,"minecraft:spruce_sign":2,"minecraft:bread":18,"tombstone:magic_scroll":1,"minecraft:oak_sapling":3,"minecraft:coal":85}},"DataVersion":3120}