{"stats":{"minecraft:picked_up":{"minecraft:iron_chestplate":1,"minecraft:wheat":3,"minecraft:chainmail_boots":1,"minecraft:anvil":1,"minecraft:stone_slab":5,"minecraft:enchanted_book":5,"minecraft:potion":1,"minecraft:brewing_stand":1,"minecraft:string":35,"minecraft:raw_copper":38,"minecraft:cobbled_deepslate":1,"minecraft:furnace":1,"minecraft:iron_boots":1,"zombie_extreme:ruby":1,"minecraft:stick":1,"apotheosis:gem":6,"minecraft:oak_fence":1,"minecraft:torch":3,"minecraft:spruce_stairs":1,"minecraft:porkchop":5,"tombstone:grave_dust":10,"apocalypsenow:spec_ops_chestplate":1,"minecraft:quartz_block":4,"minecraft:stone_sword":2,"minecraft:light_gray_bed":2,"minecraft:rotten_flesh":79,"create:ochrum":2,"zombie_extreme:rotten_apple":5,"minecraft:iron_bars":17,"minecraft:cobblestone":25,"minecraft:birch_log":3,"minecraft:enchanting_table":1,"minecraft:leather_chestplate":1,"minecraft:iron_door":2,"minecraft:birch_slab":6,"minecraft:potato":2,"create:raw_zinc":8,"jeg:scrap":9,"minecraft:dirt":7,"minecraft:leather_boots":4,"minecraft:bone":22,"minecraft:exposed_cut_copper_stairs":1,"minecraft:bow":1,"minecraft:wheat_seeds":13,"apocalypsenow:human_flesh":2,"minecraft:mossy_stone_bricks":1,"minecraft:oak_planks":14,"biomesoplenty:cherry_log":2,"patchouli:guide_book":2,"minecraft:sand":2,"sons_of_sins:flesh_of_demise":1,"minecraft:bundle":2,"cgm:shell":96,"zombie_extreme:raw_thorium":1,"vs_eureka:ballast":1,"minecraft:chainmail_helmet":1,"minecraft:oak_sapling":1,"biomesoplenty:redwood_log":29,"minecraft:ladder":1,"minecraft:clay_ball":5,"minecraft:leather_leggings":3,"minecraft:brick":1,"cgm:shotgun":1,"minecraft:iron_shovel":1,"minecraft:cracked_stone_bricks":5,"minecraft:raw_iron":63,"minecraft:copper_ingot":6,"minecraft:bowl":1,"scorchedguns:wooden_stock":1,"minecraft:carrot":8,"minecraft:trident":2,"biomesoplenty:redwood_planks":10,"minecraft:arrow":10,"minecraft:stone_shovel":2,"apocalypsenow:kukri_machete":1,"tombstone:essence_of_undeath":1,"minecraft:gold_ingot":13,"minecraft:white_wool":21,"minecraft:lime_bed":3,"minecraft:leather":1,"minecraft:oak_log":3,"minecraft:gunpowder":10,"minecraft:yellow_bed":1,"minecraft:cobblestone_wall":4,"scalinghealth:heart_crystal":2,"zombie_extreme:dead_body":1,"zombie_extreme:raw_lead":2,"minecraft:cooked_mutton":1,"minecraft:stone_bricks":27,"minecraft:iron_ingot":1,"minecraft:stone_pickaxe":1,"minecraft:glass_bottle":2,"jeg:tech_trash":1,"minecraft:book":15,"minecraft:oak_slab":1,"scalinghealth:heart_crystal_shard":7,"vs_eureka:oak_ship_helm":1,"minecraft:pumpkin":3,"vs_eureka:birch_ship_helm":1,"minecraft:quartz":1,"minecraft:dripstone_block":4,"minecraft:spruce_sapling":2,"minecraft:white_bed":1,"minecraft:spruce_log":14,"minecraft:spider_eye":5,"vs_eureka:floater":6,"minecraft:stone_axe":1,"minecraft:iron_helmet":1,"tombstone:magic_scroll":1,"minecraft:coal":43},"minecraft:broken":{"minecraft:leather_leggings":1,"minecraft:iron_boots":1,"minecraft:stone_axe":1,"minecraft:leather_chestplate":1},"minecraft:mined":{"biomesoplenty:cherry_log":2,"minecraft:white_bed":1,"minecraft:brewing_stand":1,"minecraft:grass_block":1,"minecraft:exposed_cut_copper_stairs":3,"minecraft:light_gray_bed":3,"minecraft:spawner":5,"minecraft:iron_ore":63,"minecraft:pumpkin":3,"minecraft:anvil":1,"minecraft:enchanting_table":1,"biomesoplenty:pink_cherry_leaves":1,"biomesoplenty:redwood_log":29,"minecraft:iron_bars":5,"minecraft:quartz_block":3,"minecraft:torch":1,"minecraft:cobblestone":5,"minecraft:iron_door":2,"vs_eureka:oak_ship_helm":2,"zombie_extreme:thorium_ore":1,"minecraft:birch_log":3,"minecraft:wheat":5,"zombie_extreme:ore_ruby":1,"minecraft:grass":4,"minecraft:oak_log":3,"minecraft:sand":2,"minecraft:dirt":1,"minecraft:oak_leaves":13,"minecraft:deepslate":1,"create:zinc_ore":8,"create:ochrum":2,"zombie_extreme:dead_body":1,"minecraft:birch_slab":4,"minecraft:spruce_leaves":9,"minecraft:furnace":1,"zombie_extreme:ore_lead":2,"minecraft:bookshelf":5,"minecraft:stone":21,"minecraft:white_wool":22,"vs_eureka:floater":12,"biomesoplenty:redwood_planks":22,"jeg:scrap_ore":1,"minecraft:glass_pane":2,"vs_eureka:birch_ship_helm":1,"minecraft:stone_slab":3,"minecraft:tall_grass":3,"minecraft:copper_ore":11,"minecraft:deepslate_coal_ore":8,"biomesoplenty:sprout":2,"minecraft:spruce_stairs":1,"minecraft:lime_bed":3,"minecraft:cobblestone_wall":2,"minecraft:spruce_log":14,"minecraft:yellow_bed":1,"minecraft:coal_ore":36,"biomesoplenty:fir_leaves":1,"minecraft:dripstone_block":4,"minecraft:cracked_stone_bricks":2,"minecraft:stone_bricks":8,"minecraft:fern":5},"minecraft:dropped":{"minecraft:birch_planks":1,"minecraft:oak_log":1,"minecraft:glass_bottle":1,"minecraft:cracked_stone_bricks":2,"minecraft:birch_slab":3,"zombie_extreme:rotten_apple":2,"minecraft:sand":1,"minecraft:bone":11,"minecraft:cobbled_deepslate":1,"minecraft:rotten_flesh":7,"patchouli:guide_book":2,"apotheosis:gem":1,"minecraft:leather_boots":1,"minecraft:iron_bars":5,"minecraft:wheat_seeds":2,"man:cassette_1safetyinstructions":1,"minecraft:copper_ingot":1,"minecraft:iron_door":1,"minecraft:potion":1,"minecraft:stone_sword":2,"minecraft:cobblestone_wall":2,"minecraft:stone_slab":1,"minecraft:potato":3,"minecraft:iron_chestplate":1,"minecraft:spider_eye":2,"minecraft:stone_bricks":5,"minecraft:stone_pickaxe":1,"minecraft:wooden_pickaxe":1},"minecraft:used":{"minecraft:iron_shovel":1,"minecraft:ladder":1,"minecraft:chest":8,"minecraft:shield":28,"zombie_extreme:dead_body":1,"minecraft:rotten_flesh":31,"minecraft:carrot":12,"minecraft:milk_bucket":3,"biomesoplenty:cherry_planks":4,"cgm:shotgun":153,"scorchedguns:sc_fusilage":349,"minecraft:quartz_block":10,"vs_eureka:oak_ship_helm":1,"zombie_extreme:frying_pan":10,"minecraft:stone_bricks":19,"minecraft:stone_pickaxe":128,"minecraft:oak_planks":8,"minecraft:wooden_pickaxe":9,"minetraps:razor_wire":1,"minecraft:white_wool":18,"minecraft:sand":1,"minecraft:dripstone_block":4,"minecraft:birch_slab":3,"minecraft:bread":35,"minecraft:iron_door":1,"vs_eureka:birch_ship_helm":1,"minecraft:trident":299,"minecraft:iron_bars":3,"minecraft:stone_sword":16,"biomesoplenty:redwood_planks":80,"minecraft:oak_door":1,"minecraft:torch":39,"cgm:workbench":1,"minecraft:anvil":1,"scalinghealth:heart_crystal":6,"minecraft:cobblestone_wall":14,"zombie_extreme:bandage":1,"minecraft:wooden_axe":2,"minecraft:iron_boots":1,"minecraft:golden_carrot":1,"tombstone:gift":4,"minecraft:cooked_beef":2,"minecraft:light_gray_bed":2,"minecraft:cooked_mutton":1,"minecraft:water_bucket":5,"minetraps:ghost_block":2,"vs_eureka:floater":54,"minecraft:cracked_stone_bricks":2,"minecraft:crafting_table":3,"minecraft:lime_bed":3,"minecraft:white_bed":5,"minecraft:iron_pickaxe":95,"minetraps:spikes":1,"tombstone:magic_scroll":1,"minecraft:stone_axe":136,"minecraft:cobblestone":46,"minecraft:potion":1,"minecraft:cooked_porkchop":5,"minecraft:bucket":6,"minecraft:yellow_bed":1},"minecraft:killed_by":{"zombie_extreme:chainsaw":1,"cataclysm:deepling_brute":1},"minecraft:custom":{"minecraft:interact_with_crafting_table":23,"minecraft:open_barrel":1,"minecraft:leave_game":6,"minecraft:time_since_death":136561,"minecraft:damage_resisted":0,"minecraft:sprint_one_cm":418638,"minecraft:damage_blocked_by_shield":1190,"minecraft:drop":51,"minecraft:talked_to_villager":1,"minecraft:play_time":296792,"minecraft:deaths":7,"minecraft:jump":2998,"minecraft:interact_with_brewingstand":2,"minecraft:walk_on_water_one_cm":103941,"minecraft:interact_with_furnace":24,"minecraft:sleep_in_bed":12,"minecraft:damage_dealt":14094,"minecraft:crouch_one_cm":44908,"tombstone:undead_killed":227,"minecraft:horse_one_cm":717,"minecraft:mob_kills":261,"minecraft:interact_with_anvil":1,"minecraft:interact_with_campfire":1,"minecraft:damage_dealt_resisted":49,"minecraft:climb_one_cm":30103,"minecraft:walk_one_cm":686831,"minecraft:damage_dealt_absorbed":40,"minecraft:sneak_time":14101,"minecraft:walk_under_water_one_cm":51371,"minecraft:total_world_time":298697,"minecraft:time_since_rest":4197,"minecraft:damage_taken":7440,"minecraft:swim_one_cm":64418,"minecraft:fly_one_cm":443026,"minecraft:open_chest":144,"minecraft:fall_one_cm":55269},"minecraft:crafted":{"minecraft:oak_planks":16,"biomesoplenty:cherry_planks":8,"minecraft:stone":4,"minecraft:chest":4,"vs_eureka:floater":48,"minecraft:cooked_porkchop":5,"minecraft:crafting_table":3,"minecraft:wooden_pickaxe":1,"minecraft:birch_planks":12,"minecraft:stick":32,"minecraft:iron_ingot":10,"minecraft:iron_pickaxe":1,"minecraft:stone_sword":1,"minecraft:golden_carrot":1,"minecraft:stone_pickaxe":1,"biomesoplenty:redwood_planks":116,"minecraft:air":0,"minecraft:gold_nugget":36,"minecraft:white_bed":3,"minecraft:torch":72},"minecraft:killed":{"zombie_extreme:night_hunter":1,"apocalypsenow:crawler_4":2,"apocalypsenow:runner_49":2,"minecraft:spider":4,"apocalypsenow:walker_29":1,"minecraft:skeleton":4,"apocalypsenow:walker_25":2,"zombie_extreme:ram":1,"apocalypsenow:crawler_1":1,"apocalypsenow:runner_42":1,"apocalypsenow:runner_46":1,"apocalypsenow:runner_45":2,"apocalypsenow:walker_22":1,"minecraft:pig":3,"apocalypsenow:walker_11":1,"apocalypsenow:walker_23":1,"apocalypsenow:walker_7":5,"zombie_extreme:bomber":1,"minecraft:creeper":4,"zombie_extreme:chainsaw":2,"minecraft:sheep":1,"cataclysm:deepling_brute":1,"minecraft:zombie":3,"minecraft:stray":1,"apocalypsenow:runner_44":1,"zombie_extreme:infected_police":2,"zombie_extreme:devastated":1,"apocalypsenow:walker_24":1,"apocalypsenow:runner_55":1,"apocalypsenow:walker_19":2,"apocalypsenow:looter_1":1,"apocalypsenow:military_02":1,"apocalypsenow:runner_37":3,"apocalypsenow:walker_1":1,"apocalypsenow:runner_39":1,"apocalypsenow:runner_35":1,"apocalypsenow:walker_3":2,"apocalypsenow:walker_14":1,"apocalypsenow:walker_15":1,"apocalypsenow:walker_10":2,"apocalypsenow:walker_18":3,"apocalypsenow:runner_53":1,"minecraft:drowned":4,"apocalypsenow:runner_38":1,"zombie_extreme:runner":4,"apocalypsenow:walker_8":2,"apocalypsenow:walker_4":1,"apocalypsenow:walker_30":1,"zombie_extreme:crawler":1,"apocalypsenow:walker_20":1,"zombie_extreme:boomer":1,"zombie_extreme:infected_military":1,"zombie_extreme:infected":2,"apocalypsenow:runner_52":3,"apocalypsenow:soldiers":1,"apocalypsenow:walker_32":3,"apocalypsenow:walker_27":2,"kevin_trophy:crawler_zombie":1,"apocalypsenow:runner_48":1,"apocalypsenow:runner_47":1,"apocalypsenow:walker_17":2,"apocalypsenow:looter_5":1,"apocalypsenow:looter_4":1,"apocalypsenow:runner_36":1,"apocalypsenow:walker_28":2,"apocalypsenow:runner_51":4,"apocalypsenow:walker_31":1,"apocalypsenow:walker_2":2}},"DataVersion":3120}