{"stats":{"minecraft:used":{"minecraft:dirt":6,"scorchedguns:noqq_gun":1},"minecraft:dropped":{"scorchedguns:noqq_gun":1},"minecraft:custom":{"minecraft:open_chest":1,"minecraft:time_since_rest":11657,"minecraft:crouch_one_cm":221,"minecraft:play_time":17466,"minecraft:walk_one_cm":48044,"minecraft:damage_taken":455,"minecraft:deaths":1,"minecraft:sneak_time":93,"minecraft:drop":1,"minecraft:jump":75,"minecraft:time_since_death":12122,"minecraft:total_world_time":17466,"minecraft:climb_one_cm":700,"minecraft:fly_one_cm":173},"minecraft:mined":{"minecraft:grass_block":5,"minecraft:dirt":1,"minecraft:potted_cactus":2},"minecraft:picked_up":{"minecraft:cactus":2,"minecraft:flower_pot":2,"minecraft:rotten_flesh":1,"scorchedguns:noqq_gun":1,"minecraft:dirt":6},"minecraft:killed_by":{"minecraft:player":1}},"DataVersion":3120}