{"stats":{"minecraft:dropped":{"minecraft:oak_slab":2,"minecraft:birch_planks":45,"minecraft:lilac":1,"zombie_extreme:rubber_sheet":1,"minecraft:cobblestone":15,"minecraft:cracked_stone_bricks":1,"minecraft:birch_slab":3,"minecraft:dirt":1,"scalinghealth:heart_crystal":1,"minecraft:white_concrete":1,"minecraft:map":2,"minecraft:potion":1,"tombstone:grave_dust":1,"minecraft:sunflower":4,"minecraft:sand":1,"minecraft:string":49,"minecraft:bucket":2,"minecraft:cyan_carpet":1,"minecraft:dandelion":2,"minecraft:gold_ingot":14,"minecraft:bone":4,"minecraft:furnace":1,"minecraft:sugar_cane":2,"minecraft:iron_nugget":1,"apocalypsenow:small_can":1,"minecraft:rotten_flesh":57,"minecraft:iron_boots":1,"zombie_extreme:dead_body":1,"apocalypsenow:red_football_armor_helmet":1,"minecraft:carrot":1,"patchouli:guide_book":2,"zombie_extreme:decomposing_backpack":1,"minecraft:quartz_block":1,"minecraft:mossy_stone_bricks":2,"apotheosis:gem":1,"minecraft:redstone_torch":1,"minecraft:spider_eye":1,"minecraft:spruce_slab":1,"minecraft:iron_bars":1,"minecraft:arrow":2,"minecraft:stone_pickaxe":1,"apocalypsenow:podao":1},"minecraft:picked_up":{"biomesoplenty:redwood_log":1,"minecraft:iron_chestplate":1,"minecraft:crafting_table":2,"minecraft:ladder":5,"minecraft:lead":3,"minecraft:wooden_pickaxe":1,"apocalypsenow:podao":1,"minecraft:enchanted_book":1,"minecraft:gold_block":3,"minecraft:potion":1,"zombie_extreme:decomposing_backpack":2,"minecraft:string":32,"minecraft:iron_leggings":1,"minecraft:cyan_carpet":1,"minecraft:cracked_stone_bricks":9,"minecraft:cartography_table":1,"biomesoplenty:redwood_slab":2,"minecraft:bucket":1,"minecraft:spruce_planks":1,"securitycraft:keycard_lv1":1,"minecraft:redstone_torch":2,"minecraft:iron_nugget":1,"minecraft:spruce_slab":1,"minecraft:enchanted_golden_apple":1,"minecraft:sugar_cane":2,"minecraft:chest":1,"minecraft:phantom_membrane":1,"minecraft:egg":1,"minecraft:iron_boots":1,"minecraft:furnace":2,"minecraft:stick":1,"minecraft:sandstone":28,"apotheosis:gem":7,"naturalist:duck":1,"minecraft:torch":14,"minecraft:spruce_stairs":1,"tombstone:grave_dust":27,"minecraft:carrot":1,"minecraft:quartz_block":3,"biomesoplenty:redwood_planks":5,"minecraft:stone_sword":1,"minecraft:arrow":7,"minecraft:rotten_flesh":335,"minecraft:iron_block":14,"minecraft:gold_ingot":7,"minecraft:blaze_rod":1,"minecraft:iron_bars":4,"minecraft:cobblestone":82,"minecraft:birch_log":6,"apocalypsenow:u_sarmy_boots":1,"minecraft:lime_bed":1,"minecraft:feather":2,"minecraft:lilac":1,"minecraft:iron_door":2,"minecraft:birch_slab":3,"minecraft:leather":1,"minecraft:oak_log":67,"minecraft:cobblestone_wall":1,"minecraft:gunpowder":5,"scalinghealth:heart_crystal":4,"minecraft:map":2,"minecraft:dirt":1,"tombstone:gift":1,"man:cassette_1safetyinstructions":1,"zombie_extreme:dead_body":2,"apocalypsenow:soldier_boots":1,"minecraft:bone":9,"minecraft:stone_bricks":78,"minecraft:bow":1,"minecraft:wheat_seeds":2,"apocalypsenow:human_flesh":2,"minecraft:stone_pickaxe":2,"minecraft:iron_ingot":1,"scalinghealth:power_crystal_shard":12,"zombie_extreme:medicine_box":1,"securitycraft:universal_block_reinforcer_lvl1":1,"tombstone:bag_of_seeds":2,"minecraft:mossy_stone_bricks":2,"minecraft:oak_planks":1,"minecraft:iron_sword":1,"minecraft:acacia_sapling":1,"apocalypsenow:red_football_armor_helmet":1,"minecraft:book":1,"minecraft:oak_slab":3,"minecraft:emerald_block":4,"minecraft:pumpkin":13,"patchouli:guide_book":3,"minecraft:dandelion":2,"tombstone:scroll_of_feather_fall":1,"minecraft:sand":3,"minecraft:spider_eye":5,"minecraft:fermented_spider_eye":1,"minecraft:diamond_block":1,"minecraft:bundle":6,"minecraft:pumpkin_seeds":1,"minecraft:stone_axe":2,"minecraft:chainmail_leggings":1,"minecraft:white_concrete":3,"tombstone:magic_scroll":4,"minecraft:coal":20,"minecraft:sunflower":5},"minecraft:crafted":{"minecraft:oak_planks":268,"securitycraft:mine":6,"securitycraft:furnace_mine":1,"minecraft:stone_shovel":1,"minecraft:iron_nugget":9,"minecraft:birch_boat":1,"minecraft:stone_pickaxe":1,"minecraft:chest":2,"scalinghealth:power_crystal":1,"minecraft:emerald":9,"minecraft:crafting_table":2,"biomesoplenty:redwood_planks":4,"minecraft:wooden_pickaxe":1,"minecraft:iron_sword":1,"minecraft:copper_ingot":10,"scalinghealth:heart_crystal":1,"minecraft:bucket":1,"minecraft:birch_planks":24,"minecraft:stone_axe":1,"minecraft:stick":16,"minecraft:iron_ingot":30,"apocalypsenow:cooked_human_flesh":4,"minecraft:iron_pickaxe":1,"minecraft:iron_block":1,"minecraft:stone_sword":1,"minecraft:gold_ingot":63,"minecraft:white_bed":1,"onlyhammers:stone_hammer":1},"minecraft:killed":{"minecraft:cave_spider":1,"minecraft:witch":1,"zombie_extreme:night_hunter":1,"apocalypsenow:walker_19":1,"apocalypsenow:soldiers_02":1,"apocalypsenow:looter_1":2,"apocalypsenow:walker_1":2,"minecraft:spider":18,"apocalypsenow:walker_29":2,"apocalypsenow:runner_39":2,"apocalypsenow:runner_35":2,"apocalypsenow:walker_26":1,"apocalypsenow:walker_3":1,"apocalypsenow:walker_14":3,"minecraft:skeleton":5,"apocalypsenow:walker_25":1,"apocalypsenow:walker_15":1,"graveyard:reaper":1,"apocalypsenow:crawler_1":1,"apocalypsenow:runner_41":1,"apocalypsenow:runner_42":2,"apocalypsenow:runner_46":1,"apocalypsenow:looter_3":1,"apocalypsenow:walker_10":1,"apocalypsenow:walker_18":1,"minecraft:drowned":1,"apocalypsenow:runner_38":1,"apocalypsenow:walker_22":1,"zombie_extreme:runner":2,"apocalypsenow:runner_34":2,"apocalypsenow:walker_4":1,"zombie_extreme:crawler":2,"minecraft:husk":1,"apocalypsenow:walker_20":1,"kevin_trophy:kevmo":1,"zombie_extreme:boomer":2,"zombie_extreme:infected":1,"naturalist:bear":2,"zombie_extreme:infected_hazmat":1,"apocalypsenow:runner_40":2,"apocalypsenow:runner_52":1,"apocalypsenow:walker_11":2,"apocalypsenow:walker_23":1,"apocalypsenow:walker_21":2,"apocalypsenow:walker_7":1,"apocalypsenow:runner_54":3,"apocalypsenow:walker_32":2,"minecraft:creeper":3,"apocalypsenow:walker_5":1,"kevin_trophy:blister_zombie":1,"minecraft:trader_llama":2,"sons_of_sins:betrayed_guzzler":1,"minecraft:zombie":5,"apocalypsenow:walker_16":3,"apocalypsenow:runner_48":2,"apocalypsenow:walker_17":2,"apocalypsenow:runner_43":3,"apocalypsenow:runner_47":1,"apocalypsenow:runner_44":2,"apocalypsenow:looter_4":1,"zombie_extreme:infected_police":2,"apocalypsenow:runner_36":1,"apocalypsenow:runner_51":1,"campsite_structures:camper":1,"apocalypsenow:walker_31":2,"apocalypsenow:runner_55":2,"apocalypsenow:walker_6":1,"minecraft:blaze":5,"apocalypsenow:walker_2":1},"minecraft:broken":{"apocalypsenow:soldier_boots":1,"minecraft:chainmail_leggings":1,"minecraft:stone_sword":1,"minecraft:shield":1,"apocalypsenow:podao":1,"minecraft:stone_axe":1},"minecraft:custom":{"minecraft:mob_kills":257,"minecraft:interact_with_crafting_table":37,"minecraft:open_barrel":5,"minecraft:damage_dealt_resisted":16,"minecraft:eat_cake_slice":7,"minecraft:leave_game":4,"minecraft:time_since_death":24008,"minecraft:damage_resisted":5833,"minecraft:climb_one_cm":21512,"minecraft:sprint_one_cm":314262,"minecraft:walk_one_cm":1109494,"minecraft:damage_blocked_by_shield":2174,"minecraft:drop":61,"minecraft:damage_dealt_absorbed":8,"minecraft:talked_to_villager":3,"minecraft:play_time":466234,"minecraft:sneak_time":4617,"minecraft:deaths":3,"minecraft:walk_under_water_one_cm":61778,"minecraft:boat_one_cm":470,"tombstone:tomb_raiding":1,"minecraft:jump":2771,"minecraft:walk_on_water_one_cm":113109,"minecraft:total_world_time":466234,"minecraft:interact_with_furnace":35,"tombstone:raider_killed":1,"minecraft:interact_with_cartography_table":1,"minecraft:interact_with_grindstone":1,"minecraft:sleep_in_bed":7,"minecraft:time_since_rest":23848,"minecraft:damage_taken":11738,"minecraft:damage_dealt":35961,"minecraft:player_kills":1,"minecraft:swim_one_cm":48931,"minecraft:fly_one_cm":383877,"minecraft:open_chest":213,"minecraft:crouch_one_cm":12787,"tombstone:undead_killed":190,"minecraft:interact_with_smoker":1,"minecraft:fall_one_cm":32859},"minecraft:used":{"minecraft:stone_sword":221,"minecraft:ladder":5,"minecraft:chest":2,"minecraft:shield":70,"apocalypsenow:trash":4,"minecraft:iron_sword":279,"minecraft:cooked_chicken":2,"minecraft:rotten_flesh":144,"minecraft:torch":22,"minecraft:mutton":3,"scalinghealth:heart_crystal":5,"minecraft:carrot":7,"scalinghealth:power_crystal":1,"minecraft:stone_bricks":54,"apocalypsenow:porpsi":1,"tombstone:gift":16,"minecraft:egg":1,"apocalypsenow:podao":151,"minecraft:cooked_mutton":1,"apocalypsenow:crowbar":133,"minecraft:stone_pickaxe":157,"minecraft:wooden_pickaxe":28,"minecraft:birch_boat":1,"minecraft:white_bed":1,"minecraft:cookie":1,"minecraft:sand":1,"minecraft:lime_bed":1,"minecraft:crafting_table":3,"minecraft:apple":3,"minecraft:iron_pickaxe":83,"minecraft:stone_axe":174,"minecraft:cobblestone":85,"minecraft:cooked_porkchop":2},"minecraft:killed_by":{"minecraft:blaze":1},"minecraft:mined":{"minecraft:spruce_planks":1,"minecraft:grass_block":1,"minecraft:white_concrete":3,"zombie_extreme:dead_body":1,"minecraft:spruce_leaves":15,"minecraft:cartography_table":1,"minecraft:sandstone":14,"minecraft:spawner":14,"minecraft:large_fern":2,"minecraft:furnace":2,"zombie_extreme:decomposing_backpack":1,"minecraft:fire":8,"minecraft:diamond_block":1,"minecraft:pumpkin":13,"minecraft:gold_block":1,"biomesoplenty:redwood_log":1,"minecraft:iron_bars":5,"minecraft:iron_block":12,"minecraft:stone":80,"biomesoplenty:spider_egg":1,"minecraft:spruce_slab":1,"minecraft:oak_slab":1,"biomesoplenty:redwood_planks":1,"minecraft:quartz_block":5,"minecraft:crafting_table":3,"minecraft:torch":9,"minecraft:gray_stained_glass":23,"biomesoplenty:sprout":6,"minecraft:chest":1,"zombie_extreme:medicine_box":1,"minecraft:glass":3,"minecraft:cobblestone":4,"minecraft:oak_planks":1,"minecraft:sugar_cane":1,"minecraft:iron_door":1,"minecraft:wall_torch":3,"minecraft:spruce_stairs":1,"minecraft:seagrass":1,"minecraft:lime_bed":1,"biomesoplenty:redwood_slab":1,"minecraft:acacia_sapling":1,"minecraft:birch_log":7,"minecraft:lilac":6,"minecraft:oak_log":3,"minecraft:spruce_log":1,"minecraft:grass":23,"minecraft:coal_ore":20,"minecraft:sunflower":4,"minecraft:sand":1,"minecraft:dirt":2,"minecraft:cobweb":16,"minecraft:cracked_stone_bricks":7,"minecraft:stone_bricks":70,"minecraft:mossy_stone_bricks":2,"minecraft:oak_leaves":3,"minecraft:emerald_block":3,"minecraft:fern":4}},"DataVersion":3120}