{"stats":{"minecraft:killed":{"zombie_extreme:boomer":1,"apocalypsenow:walker_19":2,"apocalypsenow:looter_1":1,"apocalypsenow:crawler_4":1,"apocalypsenow:runner_37":1,"apocalypsenow:runner_49":2,"apocalypsenow:runner_52":1,"minecraft:spider":1,"apocalypsenow:walker_7":1,"apocalypsenow:runner_50":1,"apocalypsenow:runner_35":1,"apocalypsenow:walker_32":1,"apocalypsenow:walker_26":1,"minecraft:zombie":1,"apocalypsenow:walker_15":1,"apocalypsenow:walker_17":1,"apocalypsenow:runner_45":1,"apocalypsenow:runner_53":1,"apocalypsenow:runner_36":1,"apocalypsenow:walker_22":1,"apocalypsenow:walker_28":1,"apocalypsenow:runner_55":1,"apocalypsenow:walker_31":1,"apocalypsenow:runner_34":1,"apocalypsenow:walker_8":1,"apocalypsenow:walker_6":1,"apocalypsenow:walker_2":3},"minecraft:mined":{"minecraft:crafting_table":1,"minecraft:torch":2,"zombie_extreme:dead_body":1,"minecraft:cobblestone":3,"biomesoplenty:sprout":2,"minecraft:sugar_cane":1,"minecraft:iron_door":1,"minecraft:wall_torch":1,"minecraft:spawner":1,"minecraft:spruce_stairs":1,"minecraft:furnace":1,"minecraft:birch_log":7,"minecraft:grass":1,"minecraft:iron_bars":3,"minecraft:sand":1,"minecraft:stone_bricks":1,"minecraft:stone":27},"minecraft:used":{"minecraft:cooked_mutton":1,"minecraft:stone_sword":139,"minecraft:stone_pickaxe":13,"minecraft:wooden_pickaxe":28,"minecraft:iron_sword":7,"minecraft:cooked_chicken":2,"minecraft:rotten_flesh":11,"minecraft:torch":1,"minecraft:sand":1,"minecraft:crafting_table":1,"minecraft:carrot":7,"minecraft:apple":3,"minecraft:stone_axe":5,"minecraft:cobblestone":20,"minecraft:cooked_porkchop":2,"tombstone:gift":2,"minecraft:egg":1,"apocalypsenow:human_flesh":2},"minecraft:crafted":{"minecraft:stone_shovel":1,"minecraft:crafting_table":1,"minecraft:wooden_pickaxe":1,"minecraft:birch_planks":24,"minecraft:stone_axe":1,"minecraft:stick":8,"minecraft:stone_pickaxe":1,"minecraft:stone_sword":1},"minecraft:custom":{"minecraft:interact_with_furnace":7,"minecraft:mob_kills":30,"minecraft:interact_with_crafting_table":6,"minecraft:open_barrel":1,"minecraft:damage_dealt_resisted":0,"minecraft:eat_cake_slice":7,"minecraft:leave_game":1,"minecraft:time_since_death":65519,"minecraft:sleep_in_bed":1,"minecraft:climb_one_cm":2416,"minecraft:time_since_rest":9502,"minecraft:sprint_one_cm":109791,"minecraft:damage_taken":833,"minecraft:walk_one_cm":287882,"minecraft:drop":9,"minecraft:damage_dealt":4260,"minecraft:swim_one_cm":23276,"minecraft:fly_one_cm":81464,"minecraft:player_kills":1,"minecraft:open_chest":34,"minecraft:crouch_one_cm":424,"minecraft:play_time":65519,"tombstone:undead_killed":27,"minecraft:sneak_time":298,"minecraft:walk_under_water_one_cm":10641,"tombstone:tomb_raiding":1,"minecraft:jump":677,"minecraft:walk_on_water_one_cm":12207,"minecraft:total_world_time":65519,"minecraft:fall_one_cm":4778},"minecraft:picked_up":{"minecraft:birch_log":6,"minecraft:crafting_table":1,"minecraft:iron_door":2,"minecraft:wooden_pickaxe":1,"minecraft:gunpowder":1,"minecraft:cobblestone_wall":1,"minecraft:string":1,"zombie_extreme:dead_body":2,"minecraft:stone_bricks":5,"minecraft:wheat_seeds":1,"apocalypsenow:human_flesh":6,"minecraft:sugar_cane":2,"minecraft:iron_sword":1,"minecraft:egg":1,"minecraft:furnace":1,"minecraft:iron_boots":1,"minecraft:stick":1,"patchouli:guide_book":1,"minecraft:torch":5,"minecraft:sand":3,"tombstone:grave_dust":4,"minecraft:bundle":1,"minecraft:rotten_flesh":20,"tombstone:magic_scroll":1,"minecraft:iron_bars":3,"minecraft:cobblestone":29},"minecraft:dropped":{"minecraft:furnace":1,"minecraft:sugar_cane":2,"minecraft:birch_planks":25,"minecraft:cobblestone":15,"zombie_extreme:dead_body":1,"minecraft:carrot":1,"patchouli:guide_book":1,"minecraft:sand":1,"minecraft:bone":3}},"DataVersion":3120}