{"stats":{"minecraft:picked_up":{"biomesoplenty:redwood_log":1,"minecraft:crafting_table":2,"minecraft:iron_chestplate":1,"minecraft:lead":3,"minecraft:wooden_pickaxe":1,"minecraft:potion":1,"minecraft:gold_block":3,"minecraft:enchanted_book":1,"zombie_extreme:decomposing_backpack":2,"minecraft:string":32,"minecraft:cyan_carpet":1,"minecraft:cracked_stone_bricks":9,"biomesoplenty:redwood_slab":2,"minecraft:cartography_table":1,"minecraft:bucket":1,"minecraft:redstone_torch":1,"minecraft:iron_nugget":1,"minecraft:spruce_slab":1,"minecraft:enchanted_golden_apple":1,"minecraft:sugar_cane":2,"minecraft:chest":1,"minecraft:furnace":2,"minecraft:iron_boots":1,"minecraft:egg":1,"minecraft:stick":1,"minecraft:sandstone":28,"apotheosis:gem":7,"naturalist:duck":1,"minecraft:torch":14,"minecraft:spruce_stairs":1,"tombstone:grave_dust":24,"minecraft:carrot":1,"minecraft:quartz_block":2,"biomesoplenty:redwood_planks":5,"minecraft:stone_sword":1,"minecraft:arrow":7,"minecraft:rotten_flesh":302,"minecraft:iron_block":14,"minecraft:gold_ingot":7,"minecraft:blaze_rod":1,"minecraft:iron_bars":4,"minecraft:cobblestone":58,"minecraft:birch_log":6,"apocalypsenow:u_sarmy_boots":1,"minecraft:lime_bed":1,"minecraft:feather":2,"minecraft:iron_door":2,"minecraft:birch_slab":3,"minecraft:leather":1,"minecraft:cobblestone_wall":1,"minecraft:gunpowder":5,"scalinghealth:heart_crystal":3,"minecraft:map":2,"minecraft:dirt":1,"man:cassette_1safetyinstructions":1,"zombie_extreme:dead_body":2,"minecraft:bone":9,"minecraft:stone_bricks":78,"minecraft:bow":1,"minecraft:wheat_seeds":2,"minecraft:stone_pickaxe":1,"tombstone:bag_of_seeds":2,"zombie_extreme:medicine_box":1,"minecraft:mossy_stone_bricks":2,"minecraft:acacia_sapling":1,"minecraft:iron_sword":1,"minecraft:oak_planks":1,"minecraft:book":1,"minecraft:oak_slab":3,"minecraft:emerald_block":4,"patchouli:guide_book":3,"minecraft:dandelion":2,"tombstone:scroll_of_feather_fall":1,"minecraft:sand":3,"minecraft:fermented_spider_eye":1,"minecraft:diamond_block":1,"minecraft:spider_eye":5,"minecraft:bundle":6,"minecraft:pumpkin_seeds":1,"minecraft:stone_axe":1,"minecraft:white_concrete":3,"tombstone:magic_scroll":3,"minecraft:coal":15},"minecraft:broken":{"minecraft:stone_sword":1},"minecraft:mined":{"minecraft:grass_block":1,"minecraft:white_concrete":3,"zombie_extreme:dead_body":1,"minecraft:cartography_table":1,"minecraft:sandstone":14,"minecraft:spawner":14,"minecraft:large_fern":1,"minecraft:furnace":2,"zombie_extreme:decomposing_backpack":1,"minecraft:fire":8,"minecraft:diamond_block":1,"minecraft:gold_block":1,"biomesoplenty:redwood_log":1,"minecraft:iron_bars":4,"minecraft:iron_block":12,"biomesoplenty:spider_egg":1,"minecraft:stone":53,"minecraft:spruce_slab":1,"minecraft:oak_slab":1,"biomesoplenty:redwood_planks":1,"minecraft:quartz_block":3,"minecraft:crafting_table":3,"minecraft:torch":9,"minecraft:gray_stained_glass":23,"minecraft:chest":1,"minecraft:glass":3,"minecraft:cobblestone":4,"biomesoplenty:sprout":3,"zombie_extreme:medicine_box":1,"minecraft:oak_planks":1,"minecraft:sugar_cane":1,"minecraft:iron_door":1,"minecraft:wall_torch":3,"minecraft:spruce_stairs":1,"minecraft:seagrass":1,"minecraft:lime_bed":1,"biomesoplenty:redwood_slab":1,"minecraft:acacia_sapling":1,"minecraft:birch_log":7,"minecraft:grass":2,"minecraft:coal_ore":15,"minecraft:sand":1,"minecraft:cobweb":16,"minecraft:cracked_stone_bricks":7,"minecraft:stone_bricks":70,"minecraft:mossy_stone_bricks":2,"minecraft:oak_leaves":3,"minecraft:emerald_block":3,"minecraft:fern":1},"minecraft:dropped":{"minecraft:oak_slab":2,"minecraft:birch_planks":45,"zombie_extreme:rubber_sheet":1,"minecraft:cobblestone":15,"minecraft:cracked_stone_bricks":1,"minecraft:birch_slab":3,"minecraft:dirt":1,"scalinghealth:heart_crystal":1,"minecraft:white_concrete":1,"minecraft:map":2,"tombstone:grave_dust":1,"minecraft:potion":1,"minecraft:sand":1,"minecraft:string":49,"minecraft:bucket":2,"minecraft:cyan_carpet":1,"minecraft:dandelion":2,"minecraft:gold_ingot":14,"minecraft:bone":4,"minecraft:furnace":1,"minecraft:sugar_cane":2,"minecraft:iron_nugget":1,"minecraft:rotten_flesh":47,"zombie_extreme:dead_body":1,"minecraft:carrot":1,"patchouli:guide_book":2,"zombie_extreme:decomposing_backpack":1,"minecraft:mossy_stone_bricks":2,"minecraft:redstone_torch":1,"minecraft:spider_eye":1,"minecraft:spruce_slab":1,"minecraft:iron_bars":1,"minecraft:arrow":2,"minecraft:stone_pickaxe":1},"minecraft:used":{"minecraft:stone_sword":221,"minecraft:iron_sword":279,"minecraft:cooked_chicken":2,"minecraft:rotten_flesh":117,"minecraft:torch":22,"minecraft:mutton":3,"scalinghealth:heart_crystal":3,"minecraft:carrot":7,"minecraft:stone_bricks":23,"tombstone:gift":16,"minecraft:egg":1,"apocalypsenow:podao":71,"minecraft:cooked_mutton":1,"apocalypsenow:crowbar":54,"minecraft:stone_pickaxe":123,"minecraft:wooden_pickaxe":28,"minecraft:birch_boat":1,"minecraft:cookie":1,"minecraft:sand":1,"minecraft:lime_bed":1,"minecraft:crafting_table":2,"minecraft:white_bed":1,"minecraft:apple":3,"minecraft:iron_pickaxe":78,"minecraft:stone_axe":24,"minecraft:cobblestone":28,"minecraft:cooked_porkchop":2},"minecraft:killed_by":{"minecraft:blaze":1},"minecraft:custom":{"minecraft:mob_kills":186,"minecraft:interact_with_crafting_table":21,"minecraft:open_barrel":4,"minecraft:damage_dealt_resisted":16,"minecraft:eat_cake_slice":7,"minecraft:leave_game":3,"minecraft:time_since_death":118378,"minecraft:damage_resisted":118,"minecraft:climb_one_cm":11217,"minecraft:sprint_one_cm":256379,"minecraft:walk_one_cm":830564,"minecraft:drop":49,"minecraft:damage_dealt_absorbed":8,"minecraft:play_time":307443,"minecraft:sneak_time":975,"minecraft:deaths":2,"minecraft:walk_under_water_one_cm":60849,"minecraft:boat_one_cm":470,"tombstone:tomb_raiding":1,"minecraft:jump":2080,"minecraft:walk_on_water_one_cm":111778,"minecraft:total_world_time":307443,"minecraft:interact_with_furnace":27,"tombstone:raider_killed":1,"minecraft:interact_with_cartography_table":1,"minecraft:sleep_in_bed":4,"minecraft:time_since_rest":8966,"minecraft:damage_taken":3152,"minecraft:damage_dealt":23685,"minecraft:player_kills":1,"minecraft:swim_one_cm":46775,"minecraft:fly_one_cm":270934,"minecraft:open_chest":158,"minecraft:crouch_one_cm":1450,"tombstone:undead_killed":140,"minecraft:interact_with_smoker":1,"minecraft:fall_one_cm":17083},"minecraft:crafted":{"securitycraft:mine":6,"securitycraft:furnace_mine":1,"minecraft:stone_shovel":1,"minecraft:birch_boat":1,"minecraft:stone_pickaxe":1,"minecraft:emerald":9,"minecraft:crafting_table":1,"biomesoplenty:redwood_planks":4,"minecraft:wooden_pickaxe":1,"minecraft:iron_sword":1,"minecraft:copper_ingot":10,"minecraft:bucket":1,"minecraft:birch_planks":24,"minecraft:stone_axe":1,"minecraft:stick":16,"minecraft:iron_ingot":21,"minecraft:iron_pickaxe":1,"minecraft:iron_block":1,"minecraft:stone_sword":1,"minecraft:gold_ingot":63,"minecraft:white_bed":1},"minecraft:killed":{"minecraft:cave_spider":1,"minecraft:witch":1,"zombie_extreme:night_hunter":1,"apocalypsenow:walker_1":1,"minecraft:spider":17,"apocalypsenow:walker_14":3,"minecraft:skeleton":4,"apocalypsenow:walker_15":1,"apocalypsenow:crawler_1":1,"apocalypsenow:looter_3":1,"apocalypsenow:walker_10":1,"minecraft:drowned":1,"minecraft:husk":1,"kevin_trophy:kevmo":1,"zombie_extreme:boomer":2,"naturalist:bear":1,"apocalypsenow:walker_32":1,"minecraft:creeper":3,"kevin_trophy:blister_zombie":1,"minecraft:trader_llama":2,"minecraft:zombie":5,"apocalypsenow:walker_17":1,"apocalypsenow:runner_43":1,"apocalypsenow:runner_44":1,"apocalypsenow:runner_36":1,"campsite_structures:camper":1,"apocalypsenow:walker_31":1,"minecraft:blaze":5}},"DataVersion":3120}