{"stats":{"minecraft:killed_by":{"minecraft:blaze":1},"minecraft:killed":{"apocalypsenow:walker_19":14,"zombie_extreme:night_hunter":1,"apocalypsenow:looter_1":2,"apocalypsenow:crawler_4":1,"apocalypsenow:runner_37":1,"apocalypsenow:runner_49":2,"minecraft:spider":4,"apocalypsenow:walker_29":1,"apocalypsenow:runner_35":5,"apocalypsenow:walker_26":20,"minecraft:skeleton":1,"apocalypsenow:walker_25":1,"apocalypsenow:walker_15":9,"apocalypsenow:runner_45":3,"apocalypsenow:walker_18":4,"apocalypsenow:runner_53":1,"minecraft:drowned":1,"apocalypsenow:walker_22":1,"apocalypsenow:runner_34":6,"apocalypsenow:walker_8":1,"zombie_extreme:boomer":1,"apocalypsenow:runner_52":1,"apocalypsenow:walker_7":1,"apocalypsenow:runner_50":3,"apocalypsenow:walker_32":2,"minecraft:creeper":2,"apocalypsenow:walker_27":4,"minecraft:zombie":4,"apocalypsenow:walker_12":8,"apocalypsenow:walker_13":3,"apocalypsenow:walker_17":5,"apocalypsenow:runner_43":3,"apocalypsenow:runner_47":2,"apocalypsenow:runner_36":2,"apocalypsenow:walker_28":2,"apocalypsenow:walker_31":1,"apocalypsenow:runner_55":1,"apocalypsenow:walker_6":1,"minecraft:blaze":3,"apocalypsenow:walker_2":3},"minecraft:mined":{"minecraft:white_concrete":3,"zombie_extreme:dead_body":1,"minecraft:sandstone":14,"minecraft:spawner":3,"minecraft:furnace":1,"zombie_extreme:decomposing_backpack":1,"minecraft:fire":8,"minecraft:iron_bars":4,"minecraft:stone":37,"minecraft:oak_slab":1,"biomesoplenty:redwood_planks":1,"minecraft:crafting_table":2,"minecraft:torch":5,"minecraft:glass":3,"minecraft:cobblestone":4,"biomesoplenty:sprout":2,"zombie_extreme:medicine_box":1,"minecraft:sugar_cane":1,"minecraft:oak_planks":1,"minecraft:iron_door":1,"minecraft:wall_torch":3,"minecraft:spruce_stairs":1,"minecraft:seagrass":1,"biomesoplenty:redwood_slab":1,"minecraft:lime_bed":1,"minecraft:birch_log":7,"minecraft:grass":1,"minecraft:sand":1,"minecraft:cobweb":16,"minecraft:cracked_stone_bricks":3,"minecraft:stone_bricks":41,"minecraft:mossy_stone_bricks":1},"minecraft:used":{"minecraft:stone_sword":221,"minecraft:iron_sword":189,"minecraft:cooked_chicken":2,"minecraft:rotten_flesh":88,"minecraft:torch":16,"minecraft:carrot":7,"minecraft:stone_bricks":21,"tombstone:gift":16,"minecraft:egg":1,"minecraft:cooked_mutton":1,"apocalypsenow:cooked_human_flesh":2,"apocalypsenow:hammer_axe":46,"minecraft:stone_pickaxe":94,"minecraft:birch_boat":1,"minecraft:wooden_pickaxe":28,"minecraft:cookie":1,"minecraft:sand":1,"minecraft:crafting_table":2,"minecraft:lime_bed":1,"minecraft:apple":3,"apocalypsenow:iron_baseball_bat":15,"minecraft:stone_axe":11,"minecraft:cobblestone":28,"minecraft:cooked_porkchop":2,"apocalypsenow:human_flesh":2},"minecraft:crafted":{"securitycraft:mine":3,"minecraft:stone_shovel":1,"minecraft:birch_boat":1,"minecraft:stone_pickaxe":1,"minecraft:emerald":9,"minecraft:crafting_table":1,"minecraft:wooden_pickaxe":1,"minecraft:bucket":1,"minecraft:birch_planks":24,"minecraft:stone_axe":1,"minecraft:stick":8,"apocalypsenow:cooked_human_flesh":9,"minecraft:iron_ingot":21,"minecraft:stone_sword":1,"minecraft:gold_ingot":18},"minecraft:custom":{"minecraft:mob_kills":134,"minecraft:interact_with_crafting_table":13,"minecraft:open_barrel":1,"minecraft:damage_dealt_resisted":16,"minecraft:eat_cake_slice":7,"minecraft:leave_game":2,"minecraft:time_since_death":21542,"minecraft:climb_one_cm":5658,"minecraft:sprint_one_cm":157001,"minecraft:walk_one_cm":609986,"minecraft:drop":31,"minecraft:damage_dealt_absorbed":8,"minecraft:play_time":173422,"minecraft:deaths":1,"minecraft:sneak_time":452,"minecraft:walk_under_water_one_cm":34575,"minecraft:boat_one_cm":470,"tombstone:tomb_raiding":1,"minecraft:jump":1408,"minecraft:walk_on_water_one_cm":51220,"minecraft:total_world_time":173422,"minecraft:interact_with_furnace":15,"minecraft:sleep_in_bed":2,"minecraft:time_since_rest":21478,"minecraft:damage_taken":2165,"minecraft:damage_dealt":14395,"minecraft:swim_one_cm":26513,"minecraft:fly_one_cm":156507,"minecraft:player_kills":1,"minecraft:open_chest":82,"minecraft:crouch_one_cm":448,"tombstone:undead_killed":117,"minecraft:fall_one_cm":7420},"minecraft:picked_up":{"minecraft:crafting_table":1,"minecraft:lead":1,"minecraft:wooden_pickaxe":1,"minecraft:gold_block":2,"minecraft:enchanted_book":1,"zombie_extreme:decomposing_backpack":2,"minecraft:string":18,"minecraft:cracked_stone_bricks":5,"biomesoplenty:redwood_slab":2,"minecraft:redstone_torch":1,"minecraft:sugar_cane":2,"minecraft:iron_boots":1,"minecraft:egg":1,"minecraft:furnace":1,"minecraft:stick":1,"minecraft:sandstone":28,"apotheosis:gem":4,"minecraft:torch":10,"minecraft:spruce_stairs":1,"tombstone:grave_dust":19,"minecraft:carrot":1,"biomesoplenty:redwood_planks":5,"minecraft:arrow":4,"minecraft:rotten_flesh":255,"minecraft:iron_block":2,"minecraft:gold_ingot":7,"minecraft:iron_bars":4,"minecraft:cobblestone":40,"minecraft:birch_log":6,"minecraft:lime_bed":1,"minecraft:iron_door":2,"minecraft:cobblestone_wall":1,"minecraft:gunpowder":1,"zombie_extreme:dead_body":2,"minecraft:bone":1,"minecraft:stone_bricks":50,"apocalypsenow:human_flesh":6,"minecraft:wheat_seeds":1,"zombie_extreme:medicine_box":1,"tombstone:bag_of_seeds":2,"minecraft:mossy_stone_bricks":1,"minecraft:oak_planks":1,"minecraft:iron_sword":1,"minecraft:book":1,"minecraft:oak_slab":1,"minecraft:emerald_block":1,"patchouli:guide_book":1,"tombstone:scroll_of_feather_fall":1,"minecraft:sand":3,"minecraft:spider_eye":1,"minecraft:bundle":5,"minecraft:pumpkin_seeds":1,"apocalypsenow:pbf_hamstergasmask_helmet":1,"apocalypsenow:blue_football_armor_chestplate":1,"minecraft:white_concrete":3,"tombstone:magic_scroll":3},"minecraft:broken":{"minecraft:stone_sword":1},"minecraft:dropped":{"minecraft:birch_planks":45,"zombie_extreme:rubber_sheet":1,"minecraft:cobblestone":15,"minecraft:cracked_stone_bricks":1,"minecraft:white_concrete":1,"tombstone:grave_dust":1,"minecraft:sand":1,"minecraft:string":49,"minecraft:bucket":1,"minecraft:gold_ingot":14,"minecraft:bone":3,"minecraft:furnace":1,"minecraft:sugar_cane":2,"minecraft:rotten_flesh":47,"zombie_extreme:dead_body":1,"minecraft:carrot":1,"patchouli:guide_book":1,"zombie_extreme:decomposing_backpack":1,"minecraft:mossy_stone_bricks":1,"minecraft:redstone_torch":1,"minecraft:iron_bars":1,"minecraft:arrow":2}},"DataVersion":3120}