{"stats":{"minecraft:used":{"apocalypsenow:baseball_bat":18,"minecraft:oak_planks":3,"minecraft:iron_pickaxe":19,"minecraft:dirt":6,"minecraft:crafting_table":1,"tombstone:gift":2,"minecraft:white_bed":3,"scorchedguns:noqq_gun":1},"minecraft:dropped":{"scorchedguns:noqq_gun":1,"minecraft:feather":1,"minecraft:stone_pressure_plate":3,"minecraft:item_frame":3},"minecraft:crafted":{"minecraft:oak_planks":8,"minecraft:stick":8},"minecraft:custom":{"minecraft:time_since_rest":9855,"minecraft:interact_with_furnace":6,"minecraft:sprint_one_cm":32787,"minecraft:damage_taken":788,"minecraft:walk_one_cm":161420,"minecraft:drop":6,"minecraft:damage_dealt":88,"minecraft:interact_with_crafting_table":2,"minecraft:talked_to_villager":4,"minecraft:fly_one_cm":34034,"minecraft:open_chest":13,"minecraft:play_time":64662,"minecraft:crouch_one_cm":262,"minecraft:deaths":2,"minecraft:sneak_time":175,"minecraft:jump":349,"minecraft:damage_dealt_resisted":0,"minecraft:eat_cake_slice":3,"minecraft:leave_game":1,"minecraft:time_since_death":17457,"minecraft:total_world_time":64662,"minecraft:sleep_in_bed":3,"minecraft:interact_with_smoker":1,"minecraft:climb_one_cm":700,"minecraft:fall_one_cm":896},"minecraft:mined":{"minecraft:hay_block":26,"minecraft:white_bed":7,"minecraft:glass_pane":1,"minecraft:furnace":6,"minecraft:smoker":1,"minecraft:potted_cactus":2,"minecraft:crafting_table":2,"minecraft:grass":1,"minecraft:bookshelf":8,"minecraft:grass_block":5,"minecraft:oak_log":2,"minecraft:chest":2,"minecraft:zombie_head":1,"minecraft:dirt":1,"minecraft:campfire":4,"minecraft:tall_grass":4,"minecraft:stone_bricks":1,"minecraft:oak_planks":1,"minecraft:oak_leaves":1},"minecraft:picked_up":{"minecraft:book":24,"minecraft:charcoal":8,"minecraft:crafting_table":2,"minecraft:flower_pot":2,"minecraft:smoker":1,"minecraft:potato":9,"minecraft:oak_log":2,"scorchedguns:noqq_gun":1,"tombstone:grave_dust":1,"minecraft:white_bed":7,"minecraft:dirt":6,"minecraft:stone_pressure_plate":3,"minecraft:lantern":1,"minecraft:item_frame":3,"minecraft:experience_bottle":2,"minecraft:zombie_head":1,"minecraft:cactus":2,"minecraft:rotten_flesh":3,"minecraft:stone_bricks":1,"minecraft:pumpkin_pie":2,"minecraft:hay_block":26,"minecraft:emerald":1,"minecraft:rabbit":2,"minecraft:chest":2,"minecraft:mutton":4,"minecraft:oak_planks":1,"minecraft:furnace":6},"minecraft:killed_by":{"minecraft:player":1,"apocalypsenow:runner_45":1}},"DataVersion":3120}