{"stats":{"minecraft:killed":{"minecraft:zombie":1,"apocalypsenow:looter_1":1,"apocalypsenow:runner_45":1,"apocalypsenow:runner_52":1,"apocalypsenow:runner_36":1,"apocalypsenow:walker_7":1,"apocalypsenow:runner_50":1,"apocalypsenow:runner_34":1,"apocalypsenow:walker_2":1},"minecraft:mined":{"minecraft:furnace":1,"minecraft:birch_log":7,"minecraft:torch":2,"minecraft:crafting_table":1,"minecraft:grass":1,"minecraft:iron_bars":2,"minecraft:sand":1,"zombie_extreme:dead_body":1,"minecraft:cobblestone":3,"biomesoplenty:sprout":2,"minecraft:stone":27,"minecraft:iron_door":1,"minecraft:spawner":1},"minecraft:used":{"minecraft:stone_sword":53,"minecraft:stone_pickaxe":10,"minecraft:wooden_pickaxe":28,"minecraft:rotten_flesh":8,"minecraft:stone_axe":4,"minecraft:sand":1,"minecraft:cobblestone":8,"minecraft:crafting_table":1,"apocalypsenow:human_flesh":2},"minecraft:crafted":{"minecraft:stone_shovel":1,"minecraft:crafting_table":1,"minecraft:stick":8,"minecraft:wooden_pickaxe":1,"minecraft:stone_pickaxe":1,"minecraft:stone_sword":1,"minecraft:birch_planks":24,"minecraft:stone_axe":1},"minecraft:custom":{"minecraft:time_since_rest":29519,"minecraft:interact_with_furnace":2,"minecraft:sprint_one_cm":92117,"minecraft:damage_taken":254,"minecraft:walk_one_cm":139767,"minecraft:mob_kills":9,"minecraft:drop":2,"minecraft:damage_dealt":1423,"minecraft:swim_one_cm":4048,"minecraft:interact_with_crafting_table":6,"minecraft:fly_one_cm":58717,"minecraft:open_chest":14,"minecraft:crouch_one_cm":228,"minecraft:play_time":29519,"tombstone:undead_killed":8,"minecraft:sneak_time":158,"minecraft:walk_under_water_one_cm":923,"minecraft:jump":288,"minecraft:damage_dealt_resisted":0,"minecraft:eat_cake_slice":7,"minecraft:leave_game":1,"minecraft:time_since_death":29519,"minecraft:walk_on_water_one_cm":5235,"minecraft:total_world_time":29519,"minecraft:climb_one_cm":2416,"minecraft:fall_one_cm":2061},"minecraft:picked_up":{"minecraft:birch_log":6,"minecraft:stick":1,"minecraft:crafting_table":1,"minecraft:iron_door":2,"minecraft:torch":4,"minecraft:wooden_pickaxe":1,"minecraft:sand":3,"tombstone:grave_dust":3,"minecraft:cobblestone_wall":1,"minecraft:string":1,"zombie_extreme:dead_body":1,"minecraft:stone_bricks":5,"minecraft:rotten_flesh":10,"apocalypsenow:human_flesh":6,"minecraft:wheat_seeds":1,"minecraft:iron_bars":3,"minecraft:iron_boots":1,"minecraft:cobblestone":29,"minecraft:furnace":1},"minecraft:dropped":{"minecraft:sand":1,"minecraft:bone":3}},"DataVersion":3120}