{"stats":{"minecraft:killed":{"zombie_extreme:boomer":1,"apocalypsenow:walker_19":2,"apocalypsenow:looter_1":2,"apocalypsenow:crawler_4":1,"apocalypsenow:runner_37":1,"apocalypsenow:runner_49":2,"apocalypsenow:runner_52":1,"minecraft:spider":1,"apocalypsenow:walker_29":1,"apocalypsenow:walker_7":1,"apocalypsenow:runner_50":1,"apocalypsenow:runner_35":1,"apocalypsenow:walker_32":2,"apocalypsenow:walker_26":1,"minecraft:zombie":1,"apocalypsenow:walker_15":1,"apocalypsenow:walker_17":1,"apocalypsenow:runner_47":1,"apocalypsenow:runner_45":1,"apocalypsenow:runner_53":1,"apocalypsenow:runner_36":1,"apocalypsenow:walker_22":1,"apocalypsenow:walker_28":1,"apocalypsenow:runner_55":1,"apocalypsenow:walker_31":1,"apocalypsenow:runner_34":1,"apocalypsenow:walker_8":1,"apocalypsenow:walker_6":1,"apocalypsenow:walker_2":3},"minecraft:mined":{"minecraft:oak_slab":1,"minecraft:crafting_table":1,"minecraft:torch":4,"minecraft:white_concrete":3,"zombie_extreme:dead_body":1,"minecraft:cobblestone":3,"zombie_extreme:medicine_box":1,"biomesoplenty:sprout":2,"minecraft:oak_planks":1,"minecraft:sugar_cane":1,"minecraft:iron_door":1,"minecraft:wall_torch":1,"minecraft:spawner":1,"minecraft:spruce_stairs":1,"minecraft:lime_bed":1,"minecraft:furnace":1,"minecraft:birch_log":7,"zombie_extreme:decomposing_backpack":1,"minecraft:grass":1,"minecraft:iron_bars":3,"minecraft:sand":1,"minecraft:cobweb":16,"minecraft:stone_bricks":1,"minecraft:stone":27},"minecraft:used":{"minecraft:cooked_mutton":1,"minecraft:stone_sword":148,"minecraft:stone_pickaxe":17,"minecraft:birch_boat":1,"minecraft:wooden_pickaxe":28,"minecraft:iron_sword":42,"minecraft:cooked_chicken":2,"minecraft:rotten_flesh":18,"minecraft:torch":1,"minecraft:sand":1,"minecraft:lime_bed":1,"minecraft:crafting_table":1,"minecraft:carrot":7,"minecraft:apple":3,"minecraft:stone_axe":7,"minecraft:cobblestone":20,"minecraft:cooked_porkchop":2,"tombstone:gift":8,"minecraft:egg":1,"apocalypsenow:human_flesh":2},"minecraft:crafted":{"securitycraft:mine":3,"minecraft:stone_shovel":1,"minecraft:crafting_table":1,"minecraft:birch_boat":1,"minecraft:wooden_pickaxe":1,"minecraft:birch_planks":24,"minecraft:stone_axe":1,"minecraft:stick":8,"minecraft:iron_ingot":3,"minecraft:stone_pickaxe":1,"minecraft:stone_sword":1},"minecraft:custom":{"minecraft:interact_with_furnace":8,"minecraft:mob_kills":34,"minecraft:interact_with_crafting_table":10,"minecraft:open_barrel":1,"minecraft:damage_dealt_resisted":0,"minecraft:eat_cake_slice":7,"minecraft:leave_game":1,"minecraft:time_since_death":101519,"minecraft:sleep_in_bed":2,"minecraft:climb_one_cm":4982,"minecraft:time_since_rest":23813,"minecraft:sprint_one_cm":110438,"minecraft:damage_taken":833,"minecraft:walk_one_cm":350141,"minecraft:drop":17,"minecraft:damage_dealt":4914,"minecraft:swim_one_cm":26513,"minecraft:fly_one_cm":82034,"minecraft:player_kills":1,"minecraft:open_chest":53,"minecraft:crouch_one_cm":448,"minecraft:play_time":101519,"tombstone:undead_killed":30,"minecraft:sneak_time":440,"minecraft:walk_under_water_one_cm":17908,"minecraft:boat_one_cm":470,"tombstone:tomb_raiding":1,"minecraft:jump":823,"minecraft:walk_on_water_one_cm":23740,"minecraft:total_world_time":101519,"minecraft:fall_one_cm":5312},"minecraft:picked_up":{"minecraft:birch_log":6,"minecraft:lime_bed":1,"minecraft:crafting_table":1,"minecraft:iron_door":2,"minecraft:wooden_pickaxe":1,"minecraft:enchanted_book":1,"minecraft:gunpowder":1,"minecraft:cobblestone_wall":1,"zombie_extreme:decomposing_backpack":2,"minecraft:string":16,"zombie_extreme:dead_body":2,"minecraft:bone":1,"minecraft:stone_bricks":5,"minecraft:wheat_seeds":1,"apocalypsenow:human_flesh":6,"zombie_extreme:medicine_box":1,"minecraft:sugar_cane":2,"minecraft:oak_planks":1,"minecraft:iron_sword":1,"minecraft:book":1,"minecraft:egg":1,"minecraft:furnace":1,"minecraft:iron_boots":1,"minecraft:oak_slab":1,"minecraft:stick":1,"patchouli:guide_book":1,"minecraft:torch":7,"minecraft:spruce_stairs":1,"tombstone:scroll_of_feather_fall":1,"minecraft:sand":3,"tombstone:grave_dust":6,"minecraft:bundle":1,"minecraft:pumpkin_seeds":1,"biomesoplenty:redwood_planks":2,"minecraft:rotten_flesh":25,"minecraft:white_concrete":3,"minecraft:gold_ingot":7,"tombstone:magic_scroll":1,"minecraft:iron_bars":3,"minecraft:cobblestone":29},"minecraft:dropped":{"minecraft:furnace":1,"minecraft:sugar_cane":2,"minecraft:birch_planks":45,"zombie_extreme:rubber_sheet":1,"minecraft:cobblestone":15,"zombie_extreme:dead_body":1,"minecraft:carrot":1,"patchouli:guide_book":1,"zombie_extreme:decomposing_backpack":1,"tombstone:grave_dust":1,"minecraft:sand":1,"minecraft:string":32,"minecraft:gold_ingot":14,"minecraft:bone":3}},"DataVersion":3120}