{"stats":{"minecraft:killed":{"apocalypsenow:walker_19":14,"zombie_extreme:night_hunter":1,"apocalypsenow:looter_1":2,"apocalypsenow:crawler_4":1,"apocalypsenow:runner_37":1,"apocalypsenow:runner_49":2,"minecraft:spider":1,"apocalypsenow:walker_29":1,"apocalypsenow:runner_35":5,"apocalypsenow:walker_26":19,"minecraft:skeleton":1,"apocalypsenow:walker_15":8,"apocalypsenow:runner_45":3,"apocalypsenow:walker_18":4,"apocalypsenow:runner_53":1,"minecraft:drowned":1,"apocalypsenow:walker_22":1,"apocalypsenow:runner_34":6,"apocalypsenow:walker_8":1,"zombie_extreme:boomer":1,"apocalypsenow:runner_52":1,"apocalypsenow:walker_7":1,"apocalypsenow:runner_50":3,"apocalypsenow:walker_32":2,"apocalypsenow:walker_27":4,"minecraft:zombie":4,"apocalypsenow:walker_12":8,"apocalypsenow:walker_13":3,"apocalypsenow:walker_17":5,"apocalypsenow:runner_43":2,"apocalypsenow:runner_47":2,"apocalypsenow:runner_36":2,"apocalypsenow:walker_28":1,"apocalypsenow:walker_31":1,"apocalypsenow:runner_55":1,"apocalypsenow:walker_6":1,"apocalypsenow:walker_2":3},"minecraft:mined":{"minecraft:white_concrete":3,"zombie_extreme:dead_body":1,"minecraft:sandstone":1,"minecraft:spawner":1,"minecraft:furnace":1,"zombie_extreme:decomposing_backpack":1,"minecraft:fire":2,"minecraft:iron_bars":3,"minecraft:stone":27,"minecraft:oak_slab":1,"biomesoplenty:redwood_planks":1,"minecraft:crafting_table":1,"minecraft:torch":5,"minecraft:glass":3,"minecraft:cobblestone":3,"biomesoplenty:sprout":2,"zombie_extreme:medicine_box":1,"minecraft:sugar_cane":1,"minecraft:oak_planks":1,"minecraft:iron_door":1,"minecraft:wall_torch":3,"minecraft:spruce_stairs":1,"minecraft:seagrass":1,"biomesoplenty:redwood_slab":1,"minecraft:lime_bed":1,"minecraft:birch_log":7,"minecraft:grass":1,"minecraft:sand":1,"minecraft:cobweb":16,"minecraft:cracked_stone_bricks":3,"minecraft:stone_bricks":31,"minecraft:mossy_stone_bricks":1},"minecraft:used":{"minecraft:stone_sword":221,"minecraft:iron_sword":189,"minecraft:cooked_chicken":2,"minecraft:rotten_flesh":41,"minecraft:torch":4,"minecraft:carrot":7,"minecraft:stone_bricks":18,"tombstone:gift":8,"minecraft:egg":1,"minecraft:cooked_mutton":1,"minecraft:stone_pickaxe":52,"minecraft:birch_boat":1,"minecraft:wooden_pickaxe":28,"minecraft:cookie":1,"minecraft:sand":1,"minecraft:crafting_table":1,"minecraft:lime_bed":1,"minecraft:apple":3,"minecraft:stone_axe":9,"minecraft:cobblestone":28,"minecraft:cooked_porkchop":2,"apocalypsenow:human_flesh":2},"minecraft:crafted":{"securitycraft:mine":3,"minecraft:stone_shovel":1,"minecraft:birch_boat":1,"minecraft:stone_pickaxe":1,"minecraft:crafting_table":1,"minecraft:wooden_pickaxe":1,"minecraft:birch_planks":24,"minecraft:stone_axe":1,"minecraft:stick":8,"minecraft:iron_ingot":3,"minecraft:stone_sword":1},"minecraft:custom":{"minecraft:mob_kills":120,"minecraft:interact_with_crafting_table":10,"minecraft:open_barrel":1,"minecraft:damage_dealt_resisted":14,"minecraft:eat_cake_slice":7,"minecraft:leave_game":2,"minecraft:time_since_death":137422,"minecraft:climb_one_cm":5658,"minecraft:sprint_one_cm":155125,"minecraft:walk_one_cm":470238,"minecraft:drop":26,"minecraft:damage_dealt_absorbed":8,"minecraft:play_time":137422,"minecraft:sneak_time":441,"minecraft:walk_under_water_one_cm":34549,"minecraft:boat_one_cm":470,"tombstone:tomb_raiding":1,"minecraft:jump":1219,"minecraft:walk_on_water_one_cm":41617,"minecraft:total_world_time":137422,"minecraft:interact_with_furnace":8,"minecraft:sleep_in_bed":2,"minecraft:time_since_rest":59716,"minecraft:damage_taken":1380,"minecraft:damage_dealt":12639,"minecraft:swim_one_cm":26513,"minecraft:fly_one_cm":153878,"minecraft:player_kills":1,"minecraft:open_chest":59,"minecraft:crouch_one_cm":448,"tombstone:undead_killed":112,"minecraft:fall_one_cm":7211},"minecraft:picked_up":{"minecraft:crafting_table":1,"minecraft:lead":1,"minecraft:wooden_pickaxe":1,"minecraft:enchanted_book":1,"zombie_extreme:decomposing_backpack":2,"minecraft:string":16,"minecraft:cracked_stone_bricks":5,"biomesoplenty:redwood_slab":2,"minecraft:redstone_torch":1,"minecraft:sugar_cane":2,"minecraft:iron_boots":1,"minecraft:egg":1,"minecraft:furnace":1,"minecraft:stick":1,"minecraft:sandstone":15,"apotheosis:gem":4,"minecraft:torch":10,"minecraft:spruce_stairs":1,"tombstone:grave_dust":19,"minecraft:carrot":1,"biomesoplenty:redwood_planks":5,"minecraft:arrow":4,"minecraft:rotten_flesh":237,"minecraft:gold_ingot":7,"minecraft:iron_bars":3,"minecraft:cobblestone":29,"minecraft:birch_log":6,"minecraft:lime_bed":1,"minecraft:iron_door":2,"minecraft:cobblestone_wall":1,"minecraft:gunpowder":1,"zombie_extreme:dead_body":2,"minecraft:bone":1,"minecraft:stone_bricks":35,"apocalypsenow:human_flesh":6,"minecraft:wheat_seeds":1,"zombie_extreme:medicine_box":1,"tombstone:bag_of_seeds":2,"minecraft:mossy_stone_bricks":1,"minecraft:oak_planks":1,"minecraft:iron_sword":1,"minecraft:book":1,"minecraft:oak_slab":1,"patchouli:guide_book":1,"tombstone:scroll_of_feather_fall":1,"minecraft:sand":3,"minecraft:bundle":5,"minecraft:pumpkin_seeds":1,"apocalypsenow:pbf_hamstergasmask_helmet":1,"minecraft:white_concrete":3,"tombstone:magic_scroll":3},"minecraft:broken":{"minecraft:stone_sword":1},"minecraft:dropped":{"minecraft:birch_planks":45,"zombie_extreme:rubber_sheet":1,"minecraft:cobblestone":15,"minecraft:cracked_stone_bricks":1,"minecraft:white_concrete":1,"tombstone:grave_dust":1,"minecraft:sand":1,"minecraft:string":32,"minecraft:gold_ingot":14,"minecraft:bone":3,"minecraft:furnace":1,"minecraft:sugar_cane":2,"minecraft:rotten_flesh":47,"zombie_extreme:dead_body":1,"minecraft:carrot":1,"patchouli:guide_book":1,"zombie_extreme:decomposing_backpack":1,"minecraft:mossy_stone_bricks":1,"minecraft:redstone_torch":1,"minecraft:arrow":2}},"DataVersion":3120}