{"stats":{"minecraft:used":{"minecraft:crafting_table":1,"scorchedguns:heavy_crossbow":2,"minecraft:wooden_pickaxe":2,"scorchedguns:pipe_musket":2,"scorchedguns:noqq_gun":9},"minecraft:crafted":{"minecraft:acacia_planks":12,"minecraft:crafting_table":1,"minecraft:stick":4,"minecraft:wooden_pickaxe":1},"minecraft:custom":{"minecraft:time_since_rest":5788,"minecraft:crouch_one_cm":99,"minecraft:sprint_one_cm":5614,"minecraft:play_time":5788,"minecraft:damage_taken":210,"minecraft:walk_one_cm":10214,"minecraft:sneak_time":84,"minecraft:walk_under_water_one_cm":5143,"minecraft:mob_kills":7,"minecraft:jump":14,"minecraft:damage_dealt":46,"minecraft:leave_game":1,"minecraft:time_since_death":5788,"minecraft:walk_on_water_one_cm":2475,"minecraft:total_world_time":5788,"minecraft:fly_one_cm":16000,"minecraft:interact_with_crafting_table":3,"minecraft:fall_one_cm":1013},"minecraft:mined":{"minecraft:acacia_log":3},"minecraft:picked_up":{"minecraft:acacia_log":3,"minecraft:beef":2,"minecraft:mutton":3,"minecraft:white_wool":3},"minecraft:killed":{"minecraft:sheep":3,"minecraft:chicken":1,"minecraft:cow":3}},"DataVersion":3120}