{"stats":{"minecraft:used":{"apexguns:r99":45,"scorchedguns:lg8_grenade_launcher":8,"scorchedguns:heavy_crossbow":2,"minecraft:wooden_pickaxe":2,"jeg:holy_shotgun":7,"jeg:assault_rifle":73,"cgm:workbench":1,"minecraft:crafting_table":1,"scorchedguns:pipe_musket":2,"cgm:rifle":7,"jeg:bolt_action_rifle":2,"apexguns:kraber":1,"scorchedguns:steyr_smg":11,"scorchedguns:flechette_jet":32,"cgm:grenade_launcher":8,"apexguns:spitfire":110,"scorchedguns:volley_gun":25,"cgm:mini_gun":50,"jeg:water_bomb":1,"scorchedguns:noqq_gun":9},"minecraft:crafted":{"minecraft:crafting_table":1,"minecraft:wooden_pickaxe":1,"minecraft:stick":4,"minecraft:acacia_planks":12},"minecraft:custom":{"minecraft:mob_kills":77,"minecraft:interact_with_crafting_table":3,"minecraft:damage_dealt_resisted":0,"minecraft:leave_game":2,"minecraft:time_since_death":19518,"minecraft:time_since_rest":19518,"minecraft:sprint_one_cm":8473,"minecraft:damage_taken":210,"minecraft:walk_one_cm":30701,"minecraft:damage_dealt":46,"minecraft:fly_one_cm":32971,"minecraft:crouch_one_cm":239,"minecraft:play_time":19518,"tombstone:undead_killed":61,"minecraft:sneak_time":131,"minecraft:walk_under_water_one_cm":18621,"minecraft:jump":68,"minecraft:walk_on_water_one_cm":4597,"minecraft:total_world_time":19518,"minecraft:fall_one_cm":1013},"minecraft:mined":{"minecraft:acacia_log":3},"minecraft:picked_up":{"minecraft:bone":1,"minecraft:beef":2,"apotheosis:gem":1,"minecraft:acacia_log":3,"tombstone:grave_dust":2,"minecraft:fermented_spider_eye":1,"minecraft:bundle":1,"minecraft:rotten_flesh":12,"minecraft:stone_axe":1,"minecraft:mutton":3,"minecraft:white_wool":3},"minecraft:killed":{"zombie_extreme:boomer":1,"zombie_extreme:infected_military":1,"apocalypsenow:walker_19":4,"apocalypsenow:crawler_3":1,"zombie_extreme:infected":1,"zombie_extreme:infected_hazmat":1,"apocalypsenow:runner_40":1,"apocalypsenow:crawler_4":1,"apocalypsenow:runner_37":1,"apocalypsenow:runner_50":2,"apocalypsenow:runner_54":1,"apocalypsenow:runner_35":2,"apocalypsenow:walker_5":1,"apocalypsenow:walker_3":1,"apocalypsenow:walker_26":6,"apocalypsenow:walker_14":1,"minecraft:sheep":3,"kevin_trophy:blister_zombie":1,"apocalypsenow:walker_27":1,"apocalypsenow:horde_3":1,"minecraft:zombie":1,"apocalypsenow:walker_16":1,"apocalypsenow:runner_48":1,"apocalypsenow:walker_12":3,"apocalypsenow:walker_13":4,"minecraft:chicken":1,"apocalypsenow:walker_15":3,"apocalypsenow:walker_17":2,"apocalypsenow:runner_42":2,"apocalypsenow:runner_43":1,"apocalypsenow:runner_47":1,"apocalypsenow:runner_45":7,"apocalypsenow:walker_18":1,"apocalypsenow:runner_36":2,"apocalypsenow:walker_33":1,"apocalypsenow:horde_4":2,"apocalypsenow:walker_24":1,"apocalypsenow:walker_28":2,"zombie_extreme:runner":1,"apocalypsenow:runner_34":4,"minecraft:cow":4}},"DataVersion":3120}