{"stats":{"minecraft:picked_up":{"biomesoplenty:redwood_log":7,"minecraft:crafting_table":3,"minecraft:iron_chestplate":2,"minecraft:wheat":8,"minecraft:exposed_copper":2,"minecraft:ladder":3,"minecraft:stone_slab":1,"zombie_extreme:raw_tin":4,"minecraft:stone_brick_wall":1,"minecraft:gold_block":1,"minecraft:enchanted_book":2,"minecraft:shield":1,"minecraft:string":22,"minecraft:raw_copper":10,"minecraft:iron_leggings":2,"minecraft:item_frame":3,"minecraft:cracked_stone_bricks":6,"biomesoplenty:redwood_slab":3,"minecraft:bucket":1,"minecraft:redstone_torch":1,"minecraft:poppy":1,"biomesoplenty:sprout":3,"minecraft:iron_pickaxe":1,"minecraft:sugar_cane":74,"minecraft:iron_boots":2,"minecraft:furnace":1,"minecraft:stick":5,"minecraft:sandstone":44,"apotheosis:gem":11,"minecraft:oak_fence":4,"minecraft:torch":2,"tombstone:grave_dust":20,"minecraft:quartz_block":9,"biomesoplenty:redwood_planks":53,"minecraft:stone_sword":1,"minecraft:arrow":6,"minecraft:rotten_flesh":115,"zombie_extreme:rotten_apple":3,"minecraft:gold_ingot":7,"minecraft:blaze_rod":1,"minecraft:iron_bars":9,"minecraft:snowball":10,"minecraft:cobblestone":202,"minecraft:brown_wool":1,"minecraft:potato":2,"minecraft:birch_planks":20,"minecraft:oak_log":41,"minecraft:cobblestone_wall":97,"minecraft:gunpowder":3,"scalinghealth:heart_crystal":4,"minecraft:lapis_lazuli":6,"minecraft:dirt":44,"minecraft:lantern":2,"tombstone:gift":2,"minecraft:bone":4,"minecraft:exposed_cut_copper_stairs":22,"minecraft:stone_bricks":125,"minecraft:kelp":4,"minecraft:wheat_seeds":26,"apocalypsenow:human_flesh":2,"minecraft:stone_pickaxe":2,"minecraft:mossy_stone_bricks":8,"zombie_extreme:cloth":1,"minecraft:stone_hoe":1,"minecraft:oak_planks":29,"minecraft:book":21,"minecraft:oak_slab":2,"scalinghealth:heart_crystal_shard":8,"vs_eureka:oak_ship_helm":2,"minecraft:dandelion":3,"minecraft:sand":51,"minecraft:spruce_log":6,"minecraft:diamond_block":2,"minecraft:spider_eye":1,"sons_of_sins:flesh_of_demise":1,"minecraft:bundle":3,"vs_eureka:floater":40,"minecraft:stone_axe":1,"minecraft:iron_helmet":2,"minecraft:crossbow":2,"minecraft:grass":6,"vs_eureka:ballast":9,"minecraft:oak_sapling":2,"minecraft:coal":56,"minecraft:oak_leaves":208,"minecraft:sunflower":4},"minecraft:broken":{"minecraft:stone_sword":1,"minecraft:shears":1,"minecraft:stone_pickaxe":5,"minecraft:stone_axe":1,"minecraft:iron_sword":1,"minecraft:iron_pickaxe":1,"minecraft:iron_helmet":1,"zombie_extreme:frying_pan":2},"minecraft:mined":{"minecraft:spruce_planks":3,"minecraft:ladder":2,"minecraft:grass_block":42,"minecraft:spruce_fence":1,"minecraft:exposed_cut_copper_stairs":15,"minecraft:spruce_leaves":2,"minecraft:birch_slab":1,"minecraft:kelp":4,"minecraft:sandstone":60,"minecraft:spawner":1,"vs_eureka:ballast":10,"minecraft:furnace":1,"minecraft:fire":11,"minecraft:snow":9,"biomesoplenty:lavender":1,"minecraft:bookshelf":7,"minecraft:potatoes":1,"biomesoplenty:redwood_log":7,"minecraft:iron_bars":11,"minecraft:lantern":1,"minecraft:stone":184,"vs_eureka:floater":35,"minecraft:oak_slab":6,"biomesoplenty:redwood_planks":27,"minecraft:quartz_block":9,"minecraft:exposed_copper":3,"minecraft:kelp_plant":1,"minecraft:dandelion":4,"minecraft:oak_fence":5,"minecraft:crafting_table":1,"minecraft:poppy":1,"minecraft:stone_slab":1,"minecraft:copper_ore":3,"minecraft:tall_grass":3,"minecraft:cobblestone":22,"minecraft:lapis_ore":1,"biomesoplenty:sprout":26,"minecraft:oak_planks":33,"minecraft:sugar_cane":38,"minecraft:weathered_cut_copper_stairs":1,"biomesoplenty:redwood_slab":4,"vs_eureka:oak_ship_helm":1,"zombie_extreme:ore_tin":4,"minecraft:cobblestone_wall":95,"minecraft:wheat":11,"minecraft:ice":5,"minecraft:spruce_log":8,"minecraft:birch_leaves":2,"minecraft:tnt":3,"minecraft:grass":38,"minecraft:oak_log":41,"minecraft:coal_ore":57,"minecraft:sunflower":5,"minecraft:sand":51,"minecraft:dirt":4,"minecraft:cobweb":1,"minecraft:cracked_stone_bricks":8,"minecraft:stone_bricks":123,"minecraft:mossy_stone_bricks":5,"minecraft:oak_leaves":282},"minecraft:dropped":{"minecraft:stone_hoe":1,"vs_eureka:floater":9,"scalinghealth:heart_crystal":2,"minecraft:snowball":1,"tombstone:grave_dust":2,"minecraft:dandelion":1,"minecraft:gold_ingot":8,"minecraft:kelp":4,"minecraft:stone_sword":1,"minecraft:cobblestone_wall":2,"tombstone:gift":1,"apotheosis:gem":5,"minecraft:stone_pickaxe":1},"minecraft:used":{"minecraft:oak_trapdoor":1,"minecraft:oak_fence":28,"minecraft:stone_sword":186,"minecraft:iron_shovel":103,"biomesoplenty:redwood_planks":92,"minecraft:ladder":9,"minecraft:spruce_planks":4,"minecraft:chest":4,"minecraft:iron_sword":78,"minecraft:rotten_flesh":56,"minecraft:torch":11,"minecraft:dirt":82,"scalinghealth:heart_crystal":2,"minecraft:cobblestone_wall":88,"minecraft:oak_fence_gate":2,"minecraft:lantern":2,"minecraft:iron_axe":29,"minecraft:grass_block":27,"vs_eureka:oak_ship_helm":3,"zombie_extreme:frying_pan":470,"minecraft:stone_bricks":93,"minecraft:item_frame":2,"minecraft:furnace":2,"biomesoplenty:redwood_slab":29,"minecraft:water_bucket":213,"minecraft:stone_pickaxe":368,"minecraft:oak_planks":71,"minecraft:sugar_cane":44,"minecraft:cracked_stone_bricks":3,"minecraft:oak_leaves":182,"vs_eureka:ballast":23,"minecraft:oak_slab":34,"minecraft:crafting_table":4,"minecraft:crossbow":16,"minecraft:shears":231,"minecraft:redstone_torch":1,"minecraft:birch_slab":20,"minecraft:iron_pickaxe":250,"minecraft:stone_axe":190,"vs_eureka:birch_ship_helm":1,"vs_eureka:balloon":6,"sons_of_sins:flesh_of_demise":1,"minecraft:cobblestone":8,"vs_eureka:engine":1,"minecraft:bucket":167},"minecraft:killed_by":{"zombie_extreme:runner":1,"sons_of_sins:betrayed_guzzler":1,"minecraft:blaze":1},"minecraft:custom":{"minecraft:mob_kills":418,"minecraft:interact_with_crafting_table":52,"minecraft:open_barrel":1,"minecraft:damage_dealt_resisted":83,"minecraft:leave_game":3,"minecraft:time_since_death":13279,"minecraft:climb_one_cm":24604,"minecraft:damage_resisted":0,"minecraft:sprint_one_cm":268883,"minecraft:walk_one_cm":1093560,"minecraft:drop":19,"minecraft:damage_dealt_absorbed":130,"minecraft:play_time":427793,"minecraft:sneak_time":10808,"minecraft:deaths":6,"minecraft:walk_under_water_one_cm":59174,"minecraft:jump":4254,"minecraft:interact_with_brewingstand":1,"minecraft:walk_on_water_one_cm":111062,"minecraft:total_world_time":427793,"minecraft:interact_with_furnace":39,"minecraft:sleep_in_bed":9,"minecraft:time_since_rest":13161,"minecraft:damage_taken":4410,"minecraft:trigger_trapped_chest":1,"minecraft:damage_dealt":26351,"minecraft:swim_one_cm":44133,"minecraft:fly_one_cm":553818,"minecraft:open_chest":161,"minecraft:crouch_one_cm":10992,"tombstone:undead_killed":376,"minecraft:fall_one_cm":52061},"minecraft:crafted":{"minecraft:smooth_stone":10,"minecraft:oak_planks":156,"vs_eureka:birch_ship_helm":1,"minecraft:birch_slab":6,"minecraft:furnace":2,"minecraft:blast_furnace":1,"biomesoplenty:redwood_slab":6,"minecraft:stone":65,"minecraft:glass_pane":16,"minecraft:oak_trapdoor":2,"minecraft:glass":6,"vs_eureka:engine":1,"minecraft:iron_axe":1,"minecraft:ladder":6,"vs_eureka:ballast":14,"minecraft:chest":4,"minecraft:stone_hoe":1,"minecraft:oak_fence":27,"minecraft:oak_slab":42,"minecraft:crafting_table":1,"minecraft:spruce_planks":24,"biomesoplenty:redwood_planks":28,"vs_eureka:balloon":6,"biomesoplenty:redwood_fence":3,"minecraft:iron_sword":1,"minecraft:stone_axe":1,"minecraft:air":0,"minecraft:oak_fence_gate":2,"vs_eureka:oak_ship_helm":1,"minecraft:paper":15,"minecraft:birch_fence":3,"minecraft:stick":60,"minecraft:iron_pickaxe":1,"minecraft:iron_shovel":1,"minecraft:gold_ingot":19,"minecraft:torch":12,"minecraft:shears":1},"minecraft:killed":{"minecraft:spider":5,"apocalypsenow:runner_37":1,"apocalypsenow:walker_1":1,"apocalypsenow:runner_49":1,"apocalypsenow:walker_26":1,"zombie_extreme:divided":1,"minecraft:skeleton":8,"apocalypsenow:runner_45":1,"apocalypsenow:walker_18":1,"minecraft:drowned":5,"apocalypsenow:runner_38":1,"zombie_extreme:runner":5,"apocalypsenow:walker_4":2,"zombie_extreme:crawler":1,"apocalypsenow:walker_20":1,"zombie_extreme:infected":1,"zombie_extreme:infected_military":1,"zombie_extreme:infected_hazmat":2,"apocalypsenow:walker_23":1,"apocalypsenow:walker_7":1,"apocalypsenow:walker_32":2,"minecraft:creeper":4,"apocalypsenow:walker_5":2,"apocalypsenow:cannibal":1,"apocalypsenow:walker_27":1,"minecraft:zombie":6,"apocalypsenow:walker_13":1,"apocalypsenow:runner_48":1,"apocalypsenow:runner_43":1,"zombie_extreme:infected_police":2,"apocalypsenow:crawler_2":1,"apocalypsenow:runner_36":2,"apocalypsenow:walker_28":1,"apocalypsenow:runner_51":1,"apocalypsenow:walker_31":2,"minecraft:blaze":1,"apocalypsenow:walker_2":1}},"DataVersion":3120}