{"stats":{"minecraft:killed_by":{"minecraft:blaze":1},"minecraft:killed":{"apocalypsenow:walker_20":1,"apocalypsenow:walker_19":1,"zombie_extreme:infected_hazmat":1,"apocalypsenow:crawler_4":1,"apocalypsenow:walker_1":1,"apocalypsenow:runner_37":2,"apocalypsenow:walker_9":1,"apocalypsenow:runner_49":2,"apocalypsenow:runner_52":2,"minecraft:spider":1,"apocalypsenow:walker_11":1,"apocalypsenow:walker_23":1,"apocalypsenow:runner_39":3,"apocalypsenow:runner_50":10,"apocalypsenow:runner_54":4,"apocalypsenow:runner_35":19,"apocalypsenow:walker_32":1,"minecraft:creeper":4,"zombie_extreme:divided":1,"apocalypsenow:walker_14":1,"apocalypsenow:walker_5":1,"apocalypsenow:walker_3":1,"apocalypsenow:walker_26":7,"apocalypsenow:walker_27":6,"apocalypsenow:walker_25":2,"apocalypsenow:horde_1":1,"minecraft:zombie":2,"apocalypsenow:walker_16":2,"minecraft:drowned":3,"zombie_extreme:infected_police":1,"apocalypsenow:walker_13":2,"apocalypsenow:walker_15":5,"apocalypsenow:crawler_1":1,"apocalypsenow:walker_17":1,"apocalypsenow:runner_43":4,"apocalypsenow:runner_42":3,"apocalypsenow:runner_46":1,"apocalypsenow:runner_45":10,"apocalypsenow:walker_10":3,"apocalypsenow:walker_18":3,"apocalypsenow:runner_36":2,"apocalypsenow:walker_33":2,"apocalypsenow:walker_24":1,"apocalypsenow:runner_51":1,"apocalypsenow:walker_31":3,"apocalypsenow:runner_34":20,"apocalypsenow:walker_6":1,"apocalypsenow:walker_8":4,"minecraft:blaze":1},"minecraft:mined":{"biomesoplenty:redwood_planks":18,"minecraft:exposed_copper":1,"minecraft:stone_slab":1,"minecraft:cobblestone":12,"minecraft:sandstone":60,"minecraft:spawner":1,"biomesoplenty:redwood_slab":3,"minecraft:fire":11,"minecraft:coal_ore":20,"biomesoplenty:redwood_log":7,"minecraft:iron_bars":2,"minecraft:sand":4,"minecraft:dirt":2,"minecraft:cracked_stone_bricks":4,"minecraft:stone":115,"minecraft:stone_bricks":76,"minecraft:mossy_stone_bricks":4,"vs_eureka:floater":35},"minecraft:used":{"minecraft:water_bucket":6,"apocalypsenow:cooked_human_flesh":4,"minecraft:stone_pickaxe":298,"biomesoplenty:redwood_planks":89,"minecraft:chest":2,"minecraft:iron_sword":17,"minecraft:rotten_flesh":10,"vs_eureka:ballast":4,"minecraft:torch":1,"minecraft:dirt":1,"minecraft:crossbow":10,"apocalypsenow:pipe_wrench":21,"minecraft:redstone_torch":1,"minecraft:birch_slab":20,"zombie_extreme:frying_pan":470,"minecraft:stone_bricks":45,"vs_eureka:birch_ship_helm":1,"minecraft:stone_axe":75,"minecraft:cobblestone":8,"minecraft:furnace":1,"minecraft:bucket":7,"apocalypsenow:cooked_rat":1,"apocalypsenow:human_flesh":1,"apocalypsenow:night_stick":12,"apocalypsenow:chicken_wing":1,"biomesoplenty:redwood_slab":28},"minecraft:crafted":{"biomesoplenty:redwood_planks":28,"vs_eureka:birch_ship_helm":1,"biomesoplenty:redwood_fence":3,"minecraft:birch_slab":6,"minecraft:furnace":1,"biomesoplenty:redwood_slab":6,"minecraft:stone":44,"minecraft:stone_axe":1,"apocalypsenow:cooked_rat":1,"minecraft:air":0,"apocalypsenow:cooked_human_flesh":4,"minecraft:birch_fence":3,"minecraft:stick":8,"vs_eureka:ballast":11,"minecraft:chest":2},"minecraft:custom":{"minecraft:interact_with_furnace":19,"minecraft:mob_kills":150,"minecraft:interact_with_crafting_table":17,"minecraft:open_barrel":1,"minecraft:damage_dealt_resisted":83,"minecraft:leave_game":1,"minecraft:time_since_death":51447,"minecraft:sleep_in_bed":2,"minecraft:damage_resisted":0,"minecraft:climb_one_cm":1375,"minecraft:time_since_rest":51094,"minecraft:sprint_one_cm":54009,"minecraft:damage_taken":1507,"minecraft:walk_one_cm":433060,"minecraft:drop":3,"minecraft:damage_dealt":19019,"minecraft:damage_dealt_absorbed":130,"minecraft:fly_one_cm":84436,"minecraft:swim_one_cm":17738,"minecraft:open_chest":74,"minecraft:crouch_one_cm":5666,"minecraft:play_time":155956,"minecraft:deaths":2,"tombstone:undead_killed":139,"minecraft:sneak_time":3851,"minecraft:walk_under_water_one_cm":26095,"minecraft:interact_with_brewingstand":1,"minecraft:jump":2349,"minecraft:walk_on_water_one_cm":34509,"minecraft:total_world_time":155956,"minecraft:fall_one_cm":7253},"minecraft:picked_up":{"biomesoplenty:redwood_log":7,"minecraft:crafting_table":1,"minecraft:iron_chestplate":2,"minecraft:stone_slab":1,"minecraft:gold_block":1,"minecraft:birch_planks":20,"minecraft:enchanted_book":2,"minecraft:gunpowder":1,"minecraft:dirt":2,"minecraft:string":21,"tombstone:gift":2,"minecraft:iron_leggings":2,"minecraft:stone_bricks":78,"minecraft:cracked_stone_bricks":2,"apocalypsenow:human_flesh":4,"biomesoplenty:redwood_slab":2,"minecraft:bucket":1,"minecraft:stone_pickaxe":2,"minecraft:redstone_torch":1,"minecraft:mossy_stone_bricks":5,"minecraft:iron_boots":2,"minecraft:sandstone":44,"apotheosis:gem":1,"minecraft:torch":2,"minecraft:sand":4,"minecraft:diamond_block":2,"minecraft:spider_eye":1,"tombstone:grave_dust":8,"biomesoplenty:redwood_planks":41,"minecraft:rotten_flesh":24,"vs_eureka:floater":35,"minecraft:stone_axe":1,"minecraft:iron_helmet":2,"minecraft:crossbow":2,"minecraft:gold_ingot":7,"minecraft:blaze_rod":1,"minecraft:coal":20,"minecraft:iron_bars":3,"minecraft:cobblestone":124},"minecraft:broken":{"minecraft:stone_pickaxe":4,"zombie_extreme:frying_pan":2},"minecraft:dropped":{"tombstone:grave_dust":2,"minecraft:stone_pickaxe":1}},"DataVersion":3120}