{"stats":{"minecraft:picked_up":{"minecraft:rotten_flesh":10,"tombstone:grave_dust":1},"minecraft:killed":{"apocalypsenow:walker_26":1,"naturalist:dragonfly":2,"apocalypsenow:walker_1":1,"apocalypsenow:runner_52":1,"apocalypsenow:runner_38":1,"apocalypsenow:walker_31":1,"apocalypsenow:runner_35":3,"apocalypsenow:runner_34":1,"apocalypsenow:runner_55":1,"apocalypsenow:runner_42":1,"apocalypsenow:runner_47":1,"apocalypsenow:walker_14":1},"minecraft:used":{"securitycraft:reinforced_lantern":10,"securitycraft:sentry":19,"securitycraft:reinforced_birch_stairs":9,"jeg:combat_rifle":237,"securitycraft:reinforced_spruce_planks":308,"securitycraft:reinforced_birch_planks":29},"minecraft:custom":{"minecraft:time_since_rest":15128,"minecraft:open_chest":1,"minecraft:crouch_one_cm":181,"minecraft:play_time":82772,"minecraft:sprint_one_cm":42911,"tombstone:undead_killed":13,"minecraft:walk_one_cm":43167,"minecraft:sneak_time":562,"minecraft:mob_kills":17,"minecraft:jump":198,"minecraft:leave_game":2,"minecraft:time_since_death":82772,"minecraft:sleep_in_bed":2,"minecraft:total_world_time":82772,"minecraft:fly_one_cm":453397}},"DataVersion":3120}