{"stats":{"minecraft:killed":{"apocalypsenow:walker_27":1,"apocalypsenow:walker_13":1,"apocalypsenow:walker_17":1,"apocalypsenow:walker_10":1,"apocalypsenow:runner_52":1,"minecraft:spider":1,"apocalypsenow:runner_54":1,"apocalypsenow:walker_31":1,"minecraft:creeper":1,"apocalypsenow:walker_8":1},"minecraft:mined":{"minecraft:dirt":1,"minecraft:cobblestone":3},"minecraft:used":{"minecraft:stone_pickaxe":3,"zombie_extreme:frying_pan":35,"minecraft:stone_bricks":1,"minecraft:dirt":1,"minecraft:crossbow":8,"apocalypsenow:human_flesh":1},"minecraft:crafted":{"minecraft:stone_axe":1},"minecraft:custom":{"minecraft:time_since_rest":0,"minecraft:interact_with_furnace":1,"minecraft:sprint_one_cm":11805,"minecraft:damage_taken":243,"minecraft:walk_one_cm":69409,"minecraft:mob_kills":9,"minecraft:damage_dealt":1358,"minecraft:swim_one_cm":12585,"minecraft:interact_with_crafting_table":1,"minecraft:fly_one_cm":1986,"minecraft:open_barrel":1,"minecraft:open_chest":15,"minecraft:crouch_one_cm":236,"minecraft:play_time":30104,"tombstone:undead_killed":8,"minecraft:sneak_time":228,"minecraft:walk_under_water_one_cm":3060,"minecraft:jump":72,"minecraft:interact_with_brewingstand":1,"minecraft:walk_on_water_one_cm":4659,"minecraft:time_since_death":30104,"minecraft:sleep_in_bed":2,"minecraft:total_world_time":30104,"minecraft:damage_resisted":0,"minecraft:fall_one_cm":427},"minecraft:picked_up":{"apotheosis:gem":1,"minecraft:gunpowder":1,"minecraft:string":1,"minecraft:dirt":1,"minecraft:rotten_flesh":1,"minecraft:stone_bricks":1,"minecraft:crossbow":1,"minecraft:cobblestone":3}},"DataVersion":3120}