{"stats":{"minecraft:picked_up":{"minecraft:iron_chestplate":1,"minecraft:allium":1,"minecraft:turtle_helmet":1,"minecraft:cornflower":1,"securitycraft:sentry":11,"securitycraft:scanner_door_item":1,"minecraft:leather_boots":1,"apocalypsenow:human_flesh":13,"minecraft:wheat_seeds":2,"minecraft:stick":4,"apotheosis:gem":1,"tombstone:grave_dust":2,"minecraft:stone_sword":1,"minecraft:rotten_flesh":114,"minecraft:peony":21},"minecraft:used":{"scorchedguns:lg8_grenade_launcher":18,"minecraft:dirt_path":1629,"securitycraft:reinforced_spruce_slab":1282,"jeg:combat_rifle":333,"securitycraft:reinforced_spruce_planks":377,"securitycraft:keypad_chest":3,"securitycraft:reinforced_spruce_log":63,"minecraft:stone":12390,"securitycraft:scanner_door_item":1,"minecraft:oak_leaves":11,"minecraft:dirt":1711,"securitycraft:universal_block_remover":1,"securitycraft:reinforced_black_carpet":450,"minecraft:spruce_fence":102,"securitycraft:reinforced_black_wool":548,"securitycraft:reinforced_birch_stairs":30,"minecraft:grass_block":1063,"constructionwand:infinity_wand":323,"securitycraft:reinforced_spruce_stairs":2,"securitycraft:universal_block_modifier":2,"securitycraft:reinforced_lantern":20,"securitycraft:sentry":27,"securitycraft:reinforced_birch_planks":136},"minecraft:killed":{"apocalypsenow:walker_20":1,"apocalypsenow:walker_19":16,"apocalypsenow:crawler_3":1,"apocalypsenow:runner_40":2,"apocalypsenow:looter_1":1,"apocalypsenow:runner_37":3,"naturalist:dragonfly":2,"apocalypsenow:walker_1":1,"apocalypsenow:walker_9":2,"apocalypsenow:runner_52":1,"apocalypsenow:horde_5":2,"apocalypsenow:walker_11":1,"apocalypsenow:walker_21":1,"apocalypsenow:runner_54":2,"apocalypsenow:runner_39":1,"apocalypsenow:runner_50":6,"apocalypsenow:runner_35":24,"minecraft:creeper":2,"apocalypsenow:walker_14":1,"apocalypsenow:walker_26":17,"apocalypsenow:cannibal":1,"apocalypsenow:walker_27":3,"apocalypsenow:horde_1":1,"kevin_trophy:crawler_zombie":1,"apocalypsenow:walker_16":1,"apocalypsenow:walker_12":8,"apocalypsenow:walker_13":4,"apocalypsenow:walker_17":5,"apocalypsenow:runner_47":1,"apocalypsenow:runner_43":7,"apocalypsenow:runner_42":1,"apocalypsenow:runner_46":2,"apocalypsenow:runner_45":15,"apocalypsenow:crawler_2":1,"apocalypsenow:runner_36":6,"kevin_trophy:spitter_zombie":1,"apocalypsenow:runner_38":1,"apocalypsenow:runner_51":1,"apocalypsenow:runner_34":23,"apocalypsenow:walker_31":1,"apocalypsenow:runner_55":1,"apocalypsenow:walker_8":1},"minecraft:custom":{"minecraft:mob_kills":179,"minecraft:damage_dealt_resisted":0,"minecraft:leave_game":3,"minecraft:time_since_death":235698,"minecraft:sleep_in_bed":2,"minecraft:time_since_rest":168054,"minecraft:sprint_one_cm":105522,"minecraft:walk_one_cm":313450,"minecraft:use_wand":16782,"minecraft:damage_dealt":30,"minecraft:fly_one_cm":822854,"minecraft:open_chest":2,"minecraft:crouch_one_cm":578,"minecraft:play_time":235698,"tombstone:undead_killed":164,"minecraft:sneak_time":1853,"minecraft:walk_under_water_one_cm":2530,"minecraft:jump":626,"minecraft:walk_on_water_one_cm":208,"minecraft:total_world_time":235698}},"DataVersion":3120}