{"stats":{"minecraft:picked_up":{"minecraft:iron_chestplate":1,"apotheosis:gem":1,"minecraft:turtle_helmet":1,"tombstone:grave_dust":2,"securitycraft:sentry":11,"securitycraft:scanner_door_item":1,"minecraft:leather_boots":1,"minecraft:stone_sword":1,"minecraft:rotten_flesh":111,"apocalypsenow:human_flesh":13},"minecraft:killed":{"apocalypsenow:walker_26":1,"apocalypsenow:walker_20":1,"apocalypsenow:walker_19":1,"apocalypsenow:runner_43":1,"apocalypsenow:looter_1":1,"apocalypsenow:runner_42":1,"apocalypsenow:runner_47":1,"apocalypsenow:walker_9":1,"naturalist:dragonfly":2,"apocalypsenow:walker_1":1,"apocalypsenow:runner_52":1,"kevin_trophy:spitter_zombie":1,"apocalypsenow:runner_38":1,"apocalypsenow:walker_21":1,"apocalypsenow:runner_50":1,"apocalypsenow:runner_34":1,"apocalypsenow:runner_35":3,"apocalypsenow:walker_31":1,"apocalypsenow:runner_55":1,"apocalypsenow:walker_14":1},"minecraft:used":{"securitycraft:reinforced_birch_stairs":30,"securitycraft:reinforced_spruce_slab":1282,"jeg:combat_rifle":333,"securitycraft:keypad_chest":3,"securitycraft:reinforced_spruce_planks":377,"securitycraft:reinforced_spruce_stairs":2,"securitycraft:reinforced_spruce_log":63,"securitycraft:universal_block_modifier":2,"securitycraft:scanner_door_item":1,"securitycraft:sentry":27,"securitycraft:reinforced_lantern":20,"securitycraft:reinforced_birch_planks":136,"securitycraft:universal_block_remover":1,"securitycraft:reinforced_black_carpet":450,"minecraft:spruce_fence":102,"securitycraft:reinforced_black_wool":548},"minecraft:custom":{"minecraft:time_since_rest":127097,"minecraft:sprint_one_cm":92256,"minecraft:walk_one_cm":202704,"minecraft:mob_kills":28,"minecraft:fly_one_cm":660624,"minecraft:open_chest":2,"minecraft:crouch_one_cm":559,"minecraft:play_time":194741,"tombstone:undead_killed":20,"minecraft:sneak_time":1294,"minecraft:jump":431,"minecraft:leave_game":2,"minecraft:time_since_death":194741,"minecraft:sleep_in_bed":2,"minecraft:total_world_time":194741}},"DataVersion":3120}