{"stats":{"minecraft:killed":{"apocalypsenow:walker_27":1,"apocalypsenow:walker_13":1,"apocalypsenow:crawler_1":1,"apocalypsenow:walker_17":1,"apocalypsenow:walker_10":2,"apocalypsenow:runner_49":1,"apocalypsenow:runner_52":1,"minecraft:spider":1,"apocalypsenow:runner_54":1,"apocalypsenow:walker_31":1,"minecraft:creeper":1,"apocalypsenow:walker_8":2},"minecraft:mined":{"biomesoplenty:redwood_log":7,"minecraft:dirt":1,"minecraft:cobblestone":3},"minecraft:used":{"minecraft:stone_pickaxe":3,"vs_eureka:birch_ship_helm":1,"zombie_extreme:frying_pan":44,"minecraft:stone_bricks":1,"minecraft:stone_axe":7,"minecraft:dirt":1,"minecraft:crossbow":8,"apocalypsenow:human_flesh":1},"minecraft:crafted":{"minecraft:birch_fence":3,"minecraft:stick":8,"vs_eureka:birch_ship_helm":1,"biomesoplenty:redwood_planks":28,"biomesoplenty:redwood_fence":3,"minecraft:birch_slab":6,"biomesoplenty:redwood_slab":6,"minecraft:stone_axe":1},"minecraft:custom":{"minecraft:time_since_rest":1,"minecraft:interact_with_furnace":4,"minecraft:sprint_one_cm":13253,"minecraft:damage_taken":431,"minecraft:walk_one_cm":97649,"minecraft:mob_kills":13,"minecraft:damage_dealt":1798,"minecraft:swim_one_cm":12824,"minecraft:interact_with_crafting_table":4,"minecraft:fly_one_cm":2329,"minecraft:open_barrel":1,"minecraft:open_chest":22,"minecraft:crouch_one_cm":306,"minecraft:play_time":42104,"tombstone:undead_killed":11,"minecraft:deaths":1,"minecraft:sneak_time":313,"minecraft:walk_under_water_one_cm":3375,"minecraft:jump":89,"minecraft:interact_with_brewingstand":1,"minecraft:walk_on_water_one_cm":7492,"minecraft:time_since_death":2325,"minecraft:sleep_in_bed":2,"minecraft:total_world_time":42104,"minecraft:damage_resisted":0,"minecraft:fall_one_cm":2477},"minecraft:picked_up":{"biomesoplenty:redwood_log":7,"apotheosis:gem":1,"minecraft:birch_planks":20,"minecraft:gunpowder":1,"minecraft:string":1,"minecraft:dirt":1,"minecraft:rotten_flesh":1,"minecraft:stone_bricks":1,"minecraft:crossbow":1,"minecraft:gold_ingot":7,"minecraft:cobblestone":3}},"DataVersion":3120}