{"stats":{"minecraft:picked_up":{"minecraft:stone_sword":1,"minecraft:rotten_flesh":87,"minecraft:turtle_helmet":1,"apocalypsenow:human_flesh":11,"tombstone:grave_dust":1,"minecraft:leather_boots":1,"minecraft:iron_chestplate":1},"minecraft:killed":{"apocalypsenow:walker_26":1,"naturalist:dragonfly":2,"apocalypsenow:walker_1":1,"apocalypsenow:runner_52":1,"apocalypsenow:runner_38":1,"apocalypsenow:walker_31":1,"apocalypsenow:runner_35":3,"apocalypsenow:runner_34":1,"apocalypsenow:runner_55":1,"apocalypsenow:runner_42":1,"apocalypsenow:runner_47":1,"apocalypsenow:walker_14":1},"minecraft:used":{"securitycraft:reinforced_lantern":10,"securitycraft:sentry":19,"securitycraft:reinforced_birch_stairs":30,"securitycraft:reinforced_spruce_slab":510,"jeg:combat_rifle":237,"securitycraft:reinforced_spruce_planks":376,"securitycraft:reinforced_spruce_log":62,"securitycraft:reinforced_birch_planks":105,"securitycraft:reinforced_black_carpet":202,"minecraft:spruce_fence":76,"securitycraft:reinforced_black_wool":150},"minecraft:custom":{"minecraft:time_since_rest":45128,"minecraft:open_chest":1,"minecraft:crouch_one_cm":188,"minecraft:play_time":112772,"minecraft:sprint_one_cm":55987,"tombstone:undead_killed":13,"minecraft:walk_one_cm":98932,"minecraft:sneak_time":855,"minecraft:mob_kills":17,"minecraft:jump":292,"minecraft:leave_game":2,"minecraft:time_since_death":112772,"minecraft:sleep_in_bed":2,"minecraft:total_world_time":112772,"minecraft:fly_one_cm":530832}},"DataVersion":3120}