{"stats":{"minecraft:mined":{"minecraft:dirt":1},"minecraft:used":{"minecraft:dirt":1,"minecraft:stone_bricks":1},"minecraft:custom":{"minecraft:jump":10,"minecraft:open_chest":1,"minecraft:time_since_rest":6104,"minecraft:damage_dealt":8,"minecraft:walk_on_water_one_cm":36,"minecraft:play_time":6104,"minecraft:damage_taken":50,"minecraft:time_since_death":6104,"minecraft:walk_one_cm":3423,"minecraft:total_world_time":6104,"minecraft:walk_under_water_one_cm":1387,"minecraft:fly_one_cm":40,"minecraft:open_barrel":1},"minecraft:picked_up":{"minecraft:stone_bricks":1,"minecraft:dirt":1}},"DataVersion":3120}