{"stats":{"minecraft:killed":{"apocalypsenow:walker_19":1,"apocalypsenow:runner_37":2,"apocalypsenow:runner_49":1,"apocalypsenow:runner_52":2,"minecraft:spider":1,"apocalypsenow:runner_50":3,"apocalypsenow:runner_54":4,"apocalypsenow:runner_35":10,"minecraft:creeper":1,"apocalypsenow:walker_26":4,"apocalypsenow:walker_27":1,"minecraft:zombie":1,"apocalypsenow:walker_13":2,"apocalypsenow:walker_15":4,"apocalypsenow:crawler_1":1,"apocalypsenow:walker_17":1,"apocalypsenow:runner_43":2,"apocalypsenow:runner_42":3,"apocalypsenow:runner_46":1,"apocalypsenow:runner_45":4,"apocalypsenow:walker_10":3,"apocalypsenow:walker_18":1,"apocalypsenow:runner_36":1,"apocalypsenow:walker_31":2,"apocalypsenow:runner_34":7,"apocalypsenow:walker_8":2,"minecraft:blaze":1},"minecraft:mined":{"biomesoplenty:redwood_planks":14,"minecraft:exposed_copper":1,"minecraft:cobblestone":3,"minecraft:sandstone":16,"biomesoplenty:redwood_slab":2,"minecraft:fire":5,"biomesoplenty:redwood_log":7,"minecraft:dirt":1,"minecraft:cracked_stone_bricks":2,"minecraft:stone_bricks":27},"minecraft:used":{"minecraft:stone_pickaxe":49,"biomesoplenty:redwood_planks":87,"minecraft:chest":2,"minecraft:rotten_flesh":10,"minecraft:dirt":1,"minecraft:crossbow":8,"zombie_extreme:frying_pan":175,"minecraft:stone_bricks":8,"vs_eureka:birch_ship_helm":1,"minecraft:stone_axe":35,"apocalypsenow:human_flesh":1,"apocalypsenow:night_stick":12,"biomesoplenty:redwood_slab":25},"minecraft:crafted":{"biomesoplenty:redwood_planks":28,"vs_eureka:birch_ship_helm":1,"biomesoplenty:redwood_fence":3,"minecraft:birch_slab":6,"biomesoplenty:redwood_slab":6,"minecraft:stone_axe":1,"minecraft:birch_fence":3,"minecraft:stick":8,"minecraft:chest":2},"minecraft:custom":{"minecraft:interact_with_furnace":4,"minecraft:mob_kills":64,"minecraft:interact_with_crafting_table":8,"minecraft:open_barrel":1,"minecraft:damage_dealt_resisted":83,"minecraft:time_since_death":50325,"minecraft:sleep_in_bed":2,"minecraft:damage_resisted":0,"minecraft:climb_one_cm":1375,"minecraft:time_since_rest":47926,"minecraft:sprint_one_cm":46875,"minecraft:damage_taken":855,"minecraft:walk_one_cm":234679,"minecraft:drop":3,"minecraft:damage_dealt":6315,"minecraft:damage_dealt_absorbed":130,"minecraft:fly_one_cm":83027,"minecraft:swim_one_cm":17738,"minecraft:open_chest":35,"minecraft:crouch_one_cm":3189,"minecraft:play_time":90104,"minecraft:deaths":1,"tombstone:undead_killed":62,"minecraft:sneak_time":2056,"minecraft:walk_under_water_one_cm":14106,"minecraft:interact_with_brewingstand":1,"minecraft:jump":452,"minecraft:walk_on_water_one_cm":15802,"minecraft:total_world_time":90104,"minecraft:fall_one_cm":6196},"minecraft:picked_up":{"biomesoplenty:redwood_log":7,"minecraft:iron_chestplate":2,"minecraft:birch_planks":20,"minecraft:enchanted_book":2,"minecraft:gunpowder":1,"minecraft:dirt":1,"minecraft:string":1,"tombstone:gift":2,"minecraft:iron_leggings":2,"minecraft:stone_bricks":29,"biomesoplenty:redwood_slab":1,"minecraft:stone_pickaxe":2,"minecraft:redstone_torch":1,"minecraft:iron_boots":2,"minecraft:sandstone":1,"apotheosis:gem":1,"tombstone:grave_dust":3,"biomesoplenty:redwood_planks":39,"minecraft:rotten_flesh":22,"minecraft:stone_axe":1,"minecraft:iron_helmet":2,"minecraft:crossbow":2,"minecraft:gold_ingot":7,"minecraft:blaze_rod":1,"minecraft:cobblestone":3},"minecraft:dropped":{"tombstone:grave_dust":2,"minecraft:stone_pickaxe":1}},"DataVersion":3120}