{"stats":{"minecraft:killed":{"apocalypsenow:walker_27":1,"apocalypsenow:walker_13":1,"apocalypsenow:walker_17":1,"apocalypsenow:walker_10":1,"apocalypsenow:runner_52":1,"apocalypsenow:walker_31":1,"minecraft:creeper":1,"apocalypsenow:walker_8":1},"minecraft:mined":{"minecraft:dirt":1,"minecraft:cobblestone":3},"minecraft:used":{"minecraft:stone_pickaxe":3,"zombie_extreme:frying_pan":22,"minecraft:stone_bricks":1,"minecraft:dirt":1,"minecraft:crossbow":7,"apocalypsenow:human_flesh":1},"minecraft:crafted":{"minecraft:stone_axe":1},"minecraft:custom":{"minecraft:time_since_rest":9090,"minecraft:interact_with_furnace":1,"minecraft:sprint_one_cm":7298,"minecraft:damage_taken":243,"minecraft:walk_one_cm":40993,"minecraft:mob_kills":7,"minecraft:damage_dealt":910,"minecraft:swim_one_cm":11955,"minecraft:interact_with_crafting_table":1,"minecraft:fly_one_cm":1504,"minecraft:open_barrel":1,"minecraft:open_chest":11,"minecraft:crouch_one_cm":236,"minecraft:play_time":18104,"tombstone:undead_killed":7,"minecraft:sneak_time":217,"minecraft:walk_under_water_one_cm":2966,"minecraft:jump":55,"minecraft:interact_with_brewingstand":1,"minecraft:walk_on_water_one_cm":4076,"minecraft:time_since_death":18104,"minecraft:sleep_in_bed":1,"minecraft:total_world_time":18104,"minecraft:damage_resisted":0,"minecraft:fall_one_cm":427},"minecraft:picked_up":{"apotheosis:gem":1,"minecraft:gunpowder":1,"minecraft:dirt":1,"minecraft:rotten_flesh":1,"minecraft:stone_bricks":1,"minecraft:crossbow":1,"minecraft:cobblestone":3}},"DataVersion":3120}