{"stats":{"minecraft:custom":{"minecraft:mob_kills":245,"minecraft:inspect_hopper":4,"minecraft:damage_dealt_resisted":0,"minecraft:leave_game":3,"minecraft:time_since_death":306814,"minecraft:sleep_in_bed":2,"minecraft:time_since_rest":239170,"minecraft:sprint_one_cm":128581,"minecraft:walk_one_cm":570298,"minecraft:use_wand":22458,"minecraft:damage_dealt":30,"minecraft:fly_one_cm":971136,"minecraft:open_chest":2,"minecraft:crouch_one_cm":765,"minecraft:play_time":306814,"tombstone:undead_killed":220,"minecraft:sneak_time":2642,"minecraft:walk_under_water_one_cm":7329,"tombstone:villager_killed":2,"minecraft:jump":852,"minecraft:walk_on_water_one_cm":15363,"minecraft:total_world_time":306814},"minecraft:used":{"minecraft:oak_trapdoor":9,"minecraft:oak_fence":31,"minecraft:dirt_path":1629,"scorchedguns:lg8_grenade_launcher":29,"securitycraft:reinforced_spruce_slab":1282,"jeg:combat_rifle":333,"securitycraft:reinforced_spruce_planks":377,"securitycraft:keypad_chest":3,"securitycraft:reinforced_spruce_log":63,"minecraft:spruce_planks":8,"minecraft:stone":12390,"securitycraft:scanner_door_item":1,"minecraft:oak_leaves":11,"minecraft:dirt":1711,"minecraft:oak_slab":118,"minecraft:hopper":9,"securitycraft:universal_block_remover":1,"minecraft:stone_brick_wall":5,"securitycraft:reinforced_black_carpet":450,"minecraft:spruce_fence":111,"securitycraft:reinforced_black_wool":548,"minecraft:stone_brick_slab":253,"minecraft:netherite_shovel":522,"securitycraft:reinforced_birch_stairs":30,"minecraft:lantern":8,"minecraft:grass_block":6721,"constructionwand:infinity_wand":533,"securitycraft:reinforced_spruce_stairs":2,"securitycraft:universal_block_modifier":2,"minecraft:stone_bricks":687,"securitycraft:reinforced_lantern":20,"securitycraft:sentry":27,"securitycraft:reinforced_birch_planks":136},"minecraft:killed":{"apocalypsenow:walker_20":1,"apocalypsenow:crawler_3":1,"apocalypsenow:walker_19":26,"naturalist:firefly":1,"apocalypsenow:runner_40":2,"apocalypsenow:looter_1":1,"apocalypsenow:runner_37":3,"naturalist:dragonfly":2,"apocalypsenow:walker_1":2,"apocalypsenow:walker_9":3,"apocalypsenow:runner_52":2,"apocalypsenow:walker_11":2,"apocalypsenow:horde_5":2,"minecraft:wandering_trader":2,"apocalypsenow:walker_21":1,"apocalypsenow:runner_54":2,"apocalypsenow:runner_39":1,"apocalypsenow:runner_50":7,"apocalypsenow:runner_35":25,"minecraft:creeper":2,"apocalypsenow:walker_5":1,"apocalypsenow:walker_14":1,"apocalypsenow:walker_26":21,"minecraft:sheep":4,"apocalypsenow:cannibal":1,"apocalypsenow:walker_27":7,"minecraft:trader_llama":3,"apocalypsenow:horde_1":1,"kevin_trophy:crawler_zombie":1,"apocalypsenow:walker_16":1,"apocalypsenow:walker_12":15,"apocalypsenow:walker_13":7,"apocalypsenow:walker_15":2,"apocalypsenow:walker_17":9,"apocalypsenow:runner_47":1,"apocalypsenow:runner_43":10,"apocalypsenow:runner_42":1,"apocalypsenow:runner_46":4,"apocalypsenow:runner_45":19,"apocalypsenow:crawler_2":1,"apocalypsenow:runner_36":7,"kevin_trophy:spitter_zombie":1,"apocalypsenow:runner_38":1,"apocalypsenow:runner_51":1,"apocalypsenow:runner_34":28,"apocalypsenow:walker_31":1,"apocalypsenow:runner_55":1,"apocalypsenow:walker_8":1},"minecraft:picked_up":{"minecraft:iron_chestplate":1,"minecraft:allium":4,"minecraft:turtle_helmet":1,"minecraft:lead":1,"minecraft:cornflower":1,"minecraft:lantern":4,"securitycraft:sentry":11,"securitycraft:scanner_door_item":1,"minecraft:leather_boots":1,"minecraft:wheat_seeds":5,"apocalypsenow:human_flesh":13,"minecraft:poppy":1,"minecraft:stick":4,"apotheosis:gem":2,"minecraft:torch":1,"tombstone:grave_dust":3,"minecraft:leather_helmet":1,"minecraft:stone_sword":1,"minecraft:rotten_flesh":121,"minecraft:peony":21,"tombstone:magic_scroll":1,"minecraft:mutton":2,"minecraft:white_wool":1}},"DataVersion":3120}