{"stats":{"minecraft:killed":{"apocalypsenow:walker_19":1,"apocalypsenow:runner_37":1,"apocalypsenow:runner_49":1,"apocalypsenow:runner_52":2,"minecraft:spider":1,"apocalypsenow:runner_50":2,"apocalypsenow:runner_54":3,"apocalypsenow:runner_35":9,"minecraft:creeper":1,"apocalypsenow:walker_26":4,"apocalypsenow:walker_27":1,"minecraft:zombie":1,"apocalypsenow:walker_13":2,"apocalypsenow:walker_15":3,"apocalypsenow:crawler_1":1,"apocalypsenow:walker_17":1,"apocalypsenow:runner_43":2,"apocalypsenow:runner_42":1,"apocalypsenow:runner_46":1,"apocalypsenow:runner_45":4,"apocalypsenow:walker_10":3,"apocalypsenow:runner_36":1,"apocalypsenow:walker_31":2,"apocalypsenow:runner_34":5,"apocalypsenow:walker_8":2},"minecraft:mined":{"biomesoplenty:redwood_planks":8,"minecraft:cobblestone":3,"biomesoplenty:redwood_log":7,"minecraft:dirt":1,"minecraft:stone_bricks":3},"minecraft:used":{"minecraft:stone_pickaxe":6,"biomesoplenty:redwood_planks":75,"minecraft:rotten_flesh":9,"minecraft:dirt":1,"minecraft:crossbow":8,"zombie_extreme:frying_pan":133,"minecraft:stone_bricks":1,"vs_eureka:birch_ship_helm":1,"minecraft:stone_axe":22,"apocalypsenow:human_flesh":1,"apocalypsenow:night_stick":12,"biomesoplenty:redwood_slab":3},"minecraft:crafted":{"biomesoplenty:redwood_planks":28,"vs_eureka:birch_ship_helm":1,"biomesoplenty:redwood_fence":3,"minecraft:birch_slab":6,"biomesoplenty:redwood_slab":6,"minecraft:stone_axe":1,"minecraft:birch_fence":3,"minecraft:stick":8},"minecraft:custom":{"minecraft:interact_with_furnace":4,"minecraft:mob_kills":53,"minecraft:interact_with_crafting_table":4,"minecraft:open_barrel":1,"minecraft:damage_dealt_resisted":73,"minecraft:time_since_death":38325,"minecraft:sleep_in_bed":2,"minecraft:damage_resisted":0,"minecraft:climb_one_cm":1375,"minecraft:time_since_rest":35926,"minecraft:sprint_one_cm":46875,"minecraft:damage_taken":773,"minecraft:walk_one_cm":205852,"minecraft:drop":3,"minecraft:damage_dealt":4849,"minecraft:damage_dealt_absorbed":90,"minecraft:fly_one_cm":82949,"minecraft:swim_one_cm":17738,"minecraft:open_chest":28,"minecraft:crouch_one_cm":1793,"minecraft:play_time":78104,"minecraft:deaths":1,"tombstone:undead_killed":52,"minecraft:sneak_time":1087,"minecraft:walk_under_water_one_cm":14106,"minecraft:interact_with_brewingstand":1,"minecraft:jump":440,"minecraft:walk_on_water_one_cm":15802,"minecraft:total_world_time":78104,"minecraft:fall_one_cm":5985},"minecraft:picked_up":{"biomesoplenty:redwood_log":7,"minecraft:iron_chestplate":2,"minecraft:birch_planks":20,"minecraft:enchanted_book":2,"minecraft:gunpowder":1,"minecraft:dirt":1,"minecraft:string":1,"tombstone:gift":2,"minecraft:iron_leggings":2,"minecraft:stone_bricks":3,"minecraft:stone_pickaxe":2,"minecraft:iron_boots":2,"apotheosis:gem":1,"tombstone:grave_dust":3,"biomesoplenty:redwood_planks":35,"minecraft:rotten_flesh":21,"minecraft:stone_axe":1,"minecraft:iron_helmet":2,"minecraft:crossbow":2,"minecraft:gold_ingot":7,"minecraft:cobblestone":3},"minecraft:dropped":{"tombstone:grave_dust":2,"minecraft:stone_pickaxe":1}},"DataVersion":3120}