{"stats":{"minecraft:dropped":{"minecraft:stone_hoe":1,"vs_eureka:floater":9,"tombstone:grave_dust":2,"minecraft:dandelion":1,"minecraft:kelp":4,"minecraft:stone_sword":1,"apotheosis:gem":5,"minecraft:stone_pickaxe":1},"minecraft:picked_up":{"biomesoplenty:redwood_log":7,"minecraft:crafting_table":3,"minecraft:iron_chestplate":2,"minecraft:wheat":8,"minecraft:exposed_copper":2,"minecraft:stone_slab":1,"minecraft:stone_brick_wall":1,"minecraft:gold_block":1,"minecraft:enchanted_book":2,"minecraft:string":22,"minecraft:raw_copper":10,"minecraft:iron_leggings":2,"minecraft:item_frame":2,"minecraft:cracked_stone_bricks":6,"biomesoplenty:redwood_slab":3,"minecraft:bucket":1,"minecraft:redstone_torch":1,"minecraft:poppy":1,"biomesoplenty:sprout":3,"minecraft:sugar_cane":27,"minecraft:furnace":1,"minecraft:iron_boots":2,"minecraft:stick":4,"minecraft:sandstone":44,"apotheosis:gem":9,"minecraft:torch":2,"tombstone:grave_dust":16,"minecraft:quartz_block":8,"biomesoplenty:redwood_planks":53,"minecraft:stone_sword":1,"minecraft:arrow":6,"minecraft:rotten_flesh":103,"zombie_extreme:rotten_apple":3,"minecraft:gold_ingot":7,"minecraft:blaze_rod":1,"minecraft:iron_bars":8,"minecraft:cobblestone":141,"minecraft:brown_wool":1,"minecraft:potato":1,"minecraft:birch_planks":20,"minecraft:oak_log":39,"minecraft:cobblestone_wall":94,"minecraft:gunpowder":1,"minecraft:dirt":14,"minecraft:lantern":2,"tombstone:gift":2,"minecraft:bone":4,"minecraft:exposed_cut_copper_stairs":22,"minecraft:stone_bricks":125,"minecraft:kelp":4,"apocalypsenow:human_flesh":2,"minecraft:wheat_seeds":25,"minecraft:stone_pickaxe":2,"minecraft:mossy_stone_bricks":7,"zombie_extreme:cloth":1,"minecraft:stone_hoe":1,"minecraft:oak_planks":23,"minecraft:book":21,"minecraft:oak_slab":1,"vs_eureka:oak_ship_helm":2,"minecraft:dandelion":3,"minecraft:sand":4,"minecraft:diamond_block":2,"minecraft:spider_eye":1,"minecraft:bundle":3,"vs_eureka:floater":40,"minecraft:stone_axe":1,"minecraft:iron_helmet":2,"minecraft:crossbow":2,"minecraft:grass":6,"vs_eureka:ballast":9,"minecraft:coal":36,"minecraft:oak_leaves":208,"minecraft:sunflower":4},"minecraft:crafted":{"minecraft:oak_planks":148,"vs_eureka:birch_ship_helm":1,"minecraft:birch_slab":6,"minecraft:furnace":1,"biomesoplenty:redwood_slab":6,"minecraft:stone":44,"minecraft:oak_trapdoor":2,"minecraft:ladder":6,"vs_eureka:ballast":11,"minecraft:chest":4,"minecraft:oak_fence":27,"minecraft:oak_slab":42,"minecraft:crafting_table":1,"biomesoplenty:redwood_planks":28,"biomesoplenty:redwood_fence":3,"minecraft:stone_axe":1,"minecraft:air":0,"vs_eureka:oak_ship_helm":1,"minecraft:birch_fence":3,"minecraft:stick":52,"minecraft:iron_pickaxe":1,"minecraft:iron_shovel":1,"minecraft:gold_ingot":9,"minecraft:torch":4,"minecraft:shears":1},"minecraft:killed":{"minecraft:spider":5,"apocalypsenow:runner_37":1,"apocalypsenow:walker_1":1,"apocalypsenow:runner_49":1,"zombie_extreme:divided":1,"minecraft:skeleton":7,"apocalypsenow:walker_18":1,"minecraft:drowned":5,"apocalypsenow:runner_38":1,"zombie_extreme:runner":5,"apocalypsenow:walker_4":2,"zombie_extreme:crawler":1,"zombie_extreme:infected":1,"zombie_extreme:infected_military":1,"zombie_extreme:infected_hazmat":2,"apocalypsenow:walker_23":1,"apocalypsenow:walker_7":1,"apocalypsenow:walker_32":2,"minecraft:creeper":4,"apocalypsenow:walker_5":1,"apocalypsenow:cannibal":1,"apocalypsenow:walker_27":1,"minecraft:zombie":6,"apocalypsenow:runner_48":1,"apocalypsenow:runner_43":1,"zombie_extreme:infected_police":2,"apocalypsenow:crawler_2":1,"apocalypsenow:runner_36":2,"apocalypsenow:walker_28":1,"apocalypsenow:runner_51":1,"apocalypsenow:walker_31":2,"minecraft:blaze":1,"apocalypsenow:walker_2":1},"minecraft:broken":{"minecraft:shears":1,"minecraft:stone_pickaxe":5,"minecraft:stone_axe":1,"minecraft:iron_sword":1,"zombie_extreme:frying_pan":2},"minecraft:custom":{"minecraft:mob_kills":406,"minecraft:interact_with_crafting_table":37,"minecraft:open_barrel":1,"minecraft:damage_dealt_resisted":83,"minecraft:leave_game":3,"minecraft:time_since_death":2384,"minecraft:climb_one_cm":17938,"minecraft:damage_resisted":0,"minecraft:sprint_one_cm":220132,"minecraft:walk_one_cm":939452,"minecraft:drop":13,"minecraft:damage_dealt_absorbed":130,"minecraft:play_time":356070,"minecraft:sneak_time":9410,"minecraft:deaths":5,"minecraft:walk_under_water_one_cm":58154,"minecraft:jump":3840,"minecraft:interact_with_brewingstand":1,"minecraft:walk_on_water_one_cm":104722,"minecraft:total_world_time":356070,"minecraft:interact_with_furnace":20,"minecraft:sleep_in_bed":3,"minecraft:time_since_rest":2112,"minecraft:damage_taken":3627,"minecraft:trigger_trapped_chest":1,"minecraft:damage_dealt":25240,"minecraft:swim_one_cm":44133,"minecraft:fly_one_cm":490371,"minecraft:open_chest":124,"minecraft:crouch_one_cm":8238,"tombstone:undead_killed":370,"minecraft:fall_one_cm":38629},"minecraft:used":{"minecraft:oak_trapdoor":1,"minecraft:oak_fence":24,"minecraft:stone_sword":185,"biomesoplenty:redwood_planks":92,"minecraft:ladder":6,"minecraft:chest":4,"minecraft:iron_sword":47,"minecraft:rotten_flesh":45,"minecraft:torch":6,"minecraft:dirt":82,"minecraft:cobblestone_wall":87,"minecraft:lantern":2,"minecraft:grass_block":27,"vs_eureka:oak_ship_helm":2,"zombie_extreme:frying_pan":470,"minecraft:stone_bricks":93,"minecraft:furnace":2,"biomesoplenty:redwood_slab":29,"minecraft:water_bucket":186,"minecraft:stone_pickaxe":368,"minecraft:oak_planks":65,"minecraft:sugar_cane":15,"minecraft:oak_leaves":163,"vs_eureka:ballast":16,"minecraft:oak_slab":33,"minecraft:crafting_table":4,"minecraft:crossbow":10,"minecraft:shears":231,"minecraft:redstone_torch":1,"minecraft:birch_slab":20,"minecraft:iron_pickaxe":156,"minecraft:stone_axe":190,"vs_eureka:birch_ship_helm":1,"minecraft:cobblestone":8,"minecraft:bucket":139},"minecraft:killed_by":{"zombie_extreme:runner":1,"minecraft:blaze":1},"minecraft:mined":{"minecraft:spruce_planks":3,"minecraft:grass_block":13,"minecraft:spruce_fence":1,"minecraft:exposed_cut_copper_stairs":15,"minecraft:birch_slab":1,"minecraft:kelp":4,"minecraft:sandstone":60,"minecraft:spawner":1,"vs_eureka:ballast":10,"minecraft:furnace":1,"minecraft:fire":11,"biomesoplenty:lavender":1,"minecraft:potatoes":1,"minecraft:bookshelf":7,"biomesoplenty:redwood_log":7,"minecraft:iron_bars":10,"minecraft:lantern":1,"minecraft:stone":125,"vs_eureka:floater":35,"minecraft:oak_slab":1,"biomesoplenty:redwood_planks":27,"minecraft:quartz_block":9,"minecraft:exposed_copper":3,"minecraft:kelp_plant":1,"minecraft:dandelion":4,"minecraft:crafting_table":1,"minecraft:poppy":1,"minecraft:stone_slab":1,"minecraft:tall_grass":3,"minecraft:copper_ore":3,"minecraft:cobblestone":20,"biomesoplenty:sprout":25,"minecraft:sugar_cane":13,"minecraft:oak_planks":29,"minecraft:weathered_cut_copper_stairs":1,"biomesoplenty:redwood_slab":4,"vs_eureka:oak_ship_helm":1,"minecraft:cobblestone_wall":95,"minecraft:wheat":11,"minecraft:birch_leaves":2,"minecraft:tnt":3,"minecraft:grass":32,"minecraft:oak_log":39,"minecraft:coal_ore":37,"minecraft:sunflower":5,"minecraft:sand":4,"minecraft:dirt":2,"minecraft:cobweb":1,"minecraft:cracked_stone_bricks":8,"minecraft:stone_bricks":123,"minecraft:mossy_stone_bricks":5,"minecraft:oak_leaves":261}},"DataVersion":3120}