{"stats":{"minecraft:used":{"minecraft:stone_sword":34,"biomesoplenty:redwood_planks":91,"minecraft:chest":2,"minecraft:iron_sword":47,"minecraft:rotten_flesh":15,"minecraft:torch":1,"minecraft:dirt":1,"apocalypsenow:pipe_wrench":21,"zombie_extreme:frying_pan":470,"minecraft:stone_bricks":45,"minecraft:furnace":1,"apocalypsenow:cooked_rat":1,"apocalypsenow:night_stick":12,"biomesoplenty:redwood_slab":28,"minecraft:water_bucket":6,"apocalypsenow:cooked_human_flesh":4,"minecraft:stone_pickaxe":298,"minecraft:oak_planks":1,"vs_eureka:ballast":6,"minecraft:crossbow":10,"minecraft:redstone_torch":1,"minecraft:birch_slab":20,"vs_eureka:birch_ship_helm":1,"minecraft:stone_axe":77,"minecraft:cobblestone":8,"minecraft:bucket":7,"apocalypsenow:human_flesh":1,"apocalypsenow:chicken_wing":1},"minecraft:killed":{"apocalypsenow:walker_19":15,"apocalypsenow:crawler_4":1,"apocalypsenow:runner_37":5,"apocalypsenow:walker_1":1,"apocalypsenow:runner_49":2,"minecraft:spider":1,"apocalypsenow:horde_5":1,"apocalypsenow:runner_39":3,"apocalypsenow:runner_35":42,"apocalypsenow:walker_14":1,"apocalypsenow:walker_3":1,"apocalypsenow:walker_26":29,"zombie_extreme:divided":1,"apocalypsenow:walker_25":2,"apocalypsenow:horde_1":1,"apocalypsenow:walker_15":15,"apocalypsenow:crawler_1":1,"apocalypsenow:runner_42":9,"apocalypsenow:runner_46":3,"apocalypsenow:runner_45":22,"apocalypsenow:walker_10":3,"apocalypsenow:walker_18":7,"minecraft:drowned":5,"apocalypsenow:walker_33":3,"apocalypsenow:runner_38":1,"apocalypsenow:runner_34":48,"apocalypsenow:walker_8":4,"apocalypsenow:walker_30":1,"apocalypsenow:walker_20":1,"zombie_extreme:infected_hazmat":1,"apocalypsenow:runner_40":2,"apocalypsenow:walker_9":1,"apocalypsenow:runner_52":4,"apocalypsenow:walker_11":2,"apocalypsenow:walker_23":1,"apocalypsenow:runner_50":17,"apocalypsenow:runner_54":5,"apocalypsenow:walker_32":1,"minecraft:creeper":4,"apocalypsenow:walker_5":1,"apocalypsenow:walker_27":9,"minecraft:zombie":2,"apocalypsenow:walker_16":2,"apocalypsenow:walker_12":9,"apocalypsenow:walker_13":6,"apocalypsenow:walker_17":4,"apocalypsenow:runner_43":9,"zombie_extreme:infected_police":1,"apocalypsenow:runner_36":7,"apocalypsenow:walker_24":1,"apocalypsenow:runner_51":1,"apocalypsenow:walker_31":3,"apocalypsenow:runner_55":1,"apocalypsenow:walker_6":1,"minecraft:blaze":1},"minecraft:killed_by":{"apocalypsenow:runner_38":1,"minecraft:blaze":1},"minecraft:broken":{"minecraft:stone_pickaxe":4,"minecraft:iron_sword":1,"zombie_extreme:frying_pan":2},"minecraft:dropped":{"tombstone:grave_dust":2,"minecraft:stone_pickaxe":1},"minecraft:custom":{"minecraft:mob_kills":325,"minecraft:interact_with_crafting_table":20,"minecraft:open_barrel":1,"minecraft:damage_dealt_resisted":83,"minecraft:leave_game":1,"minecraft:time_since_death":23583,"minecraft:climb_one_cm":1375,"minecraft:damage_resisted":0,"minecraft:sprint_one_cm":59642,"minecraft:walk_one_cm":461080,"minecraft:drop":3,"minecraft:damage_dealt_absorbed":130,"minecraft:play_time":180342,"minecraft:deaths":3,"minecraft:sneak_time":6795,"minecraft:walk_under_water_one_cm":47951,"minecraft:jump":2417,"minecraft:interact_with_brewingstand":1,"minecraft:walk_on_water_one_cm":44452,"minecraft:total_world_time":180342,"minecraft:interact_with_furnace":19,"minecraft:sleep_in_bed":2,"minecraft:time_since_rest":23347,"minecraft:damage_taken":2480,"minecraft:damage_dealt":21035,"minecraft:swim_one_cm":26385,"minecraft:fly_one_cm":91599,"minecraft:open_chest":89,"minecraft:crouch_one_cm":6673,"tombstone:undead_killed":312,"minecraft:fall_one_cm":7464},"minecraft:mined":{"minecraft:sandstone":60,"minecraft:spawner":1,"minecraft:fire":11,"biomesoplenty:redwood_log":7,"minecraft:iron_bars":2,"minecraft:stone":115,"vs_eureka:floater":35,"biomesoplenty:redwood_planks":20,"minecraft:exposed_copper":1,"minecraft:stone_slab":1,"minecraft:cobblestone":12,"biomesoplenty:redwood_slab":3,"minecraft:coal_ore":20,"minecraft:sand":4,"minecraft:dirt":2,"minecraft:cracked_stone_bricks":4,"minecraft:stone_bricks":76,"minecraft:mossy_stone_bricks":4},"minecraft:picked_up":{"biomesoplenty:redwood_log":7,"minecraft:crafting_table":1,"minecraft:iron_chestplate":2,"minecraft:stone_slab":1,"minecraft:gold_block":1,"minecraft:enchanted_book":2,"minecraft:string":21,"minecraft:iron_leggings":2,"minecraft:cracked_stone_bricks":2,"biomesoplenty:redwood_slab":2,"minecraft:bucket":1,"minecraft:redstone_torch":1,"minecraft:iron_boots":2,"minecraft:sandstone":44,"apotheosis:gem":5,"minecraft:torch":2,"tombstone:grave_dust":16,"biomesoplenty:redwood_planks":43,"minecraft:rotten_flesh":88,"minecraft:gold_ingot":7,"minecraft:blaze_rod":1,"minecraft:iron_bars":3,"minecraft:cobblestone":124,"minecraft:birch_planks":20,"minecraft:gunpowder":1,"minecraft:dirt":2,"tombstone:gift":2,"minecraft:stone_bricks":78,"apocalypsenow:human_flesh":6,"minecraft:stone_pickaxe":2,"minecraft:mossy_stone_bricks":6,"minecraft:stone_hoe":1,"minecraft:oak_planks":2,"minecraft:sand":4,"minecraft:diamond_block":2,"minecraft:spider_eye":1,"minecraft:bundle":3,"vs_eureka:floater":35,"minecraft:stone_axe":1,"minecraft:iron_helmet":2,"minecraft:crossbow":2,"minecraft:coal":20},"minecraft:crafted":{"vs_eureka:birch_ship_helm":1,"minecraft:birch_slab":6,"minecraft:furnace":1,"biomesoplenty:redwood_slab":6,"minecraft:stone":44,"minecraft:chest":2,"vs_eureka:ballast":11,"biomesoplenty:redwood_planks":28,"biomesoplenty:redwood_fence":3,"minecraft:stone_axe":1,"apocalypsenow:cooked_rat":1,"minecraft:air":0,"minecraft:birch_fence":3,"minecraft:stick":8,"apocalypsenow:cooked_human_flesh":4,"minecraft:gold_ingot":9}},"DataVersion":3120}