{"stats":{"minecraft:custom":{"minecraft:interact_with_crafting_table":60,"minecraft:open_barrel":1,"minecraft:leave_game":4,"minecraft:time_since_death":244240,"minecraft:damage_resisted":0,"minecraft:sprint_one_cm":418618,"minecraft:drop":28,"minecraft:play_time":780857,"minecraft:deaths":10,"minecraft:jump":5477,"minecraft:interact_with_brewingstand":1,"minecraft:walk_on_water_one_cm":115194,"minecraft:interact_with_furnace":41,"minecraft:sleep_in_bed":11,"minecraft:damage_dealt":29309,"minecraft:crouch_one_cm":23849,"tombstone:undead_killed":391,"minecraft:mob_kills":437,"minecraft:damage_dealt_resisted":83,"minecraft:climb_one_cm":50983,"minecraft:walk_one_cm":1526101,"minecraft:damage_dealt_absorbed":130,"minecraft:sneak_time":18972,"minecraft:walk_under_water_one_cm":59174,"minecraft:total_world_time":780857,"minecraft:time_since_rest":244032,"minecraft:damage_taken":5838,"minecraft:trigger_trapped_chest":1,"minecraft:swim_one_cm":44133,"minecraft:fly_one_cm":1455985,"minecraft:open_chest":197,"minecraft:fall_one_cm":76522},"minecraft:dropped":{"minecraft:item_frame":2,"minecraft:dirt":2,"vs_eureka:floater":9,"minecraft:snowball":3,"minecraft:sunflower":1,"minecraft:gold_ingot":8,"tombstone:gift":1,"minecraft:rotten_flesh":1,"securitycraft:reinforced_spruce_planks":1,"apotheosis:gem":5,"apocalypsenow:human_flesh":1,"minecraft:stone_hoe":1,"scalinghealth:heart_crystal":2,"tombstone:grave_dust":2,"minecraft:dandelion":1,"minecraft:kelp":4,"minecraft:stone_sword":1,"minecraft:cobblestone_wall":2,"minecraft:stone_pickaxe":1},"minecraft:killed_by":{"zombie_extreme:runner":1,"sons_of_sins:betrayed_guzzler":1,"minecraft:blaze":1},"minecraft:used":{"minecraft:iron_shovel":171,"minecraft:ladder":74,"minecraft:chest":7,"minecraft:iron_sword":149,"minecraft:rotten_flesh":60,"securitycraft:reinforced_stone_brick_wall":2,"minecraft:lantern":2,"minecraft:grass_block":27,"vs_eureka:oak_ship_helm":3,"zombie_extreme:frying_pan":470,"minecraft:stone_bricks":93,"minecraft:item_frame":2,"minecraft:furnace":2,"apocalypsenow:cooked_human_flesh":3,"securitycraft:reinforced_spruce_planks":2867,"minecraft:stone_pickaxe":368,"minecraft:oak_planks":71,"minecraft:sugar_cane":59,"minecraft:oak_leaves":182,"vs_eureka:ballast":23,"minecraft:sand":9,"minecraft:crossbow":16,"securitycraft:universal_block_remover":8,"minecraft:shears":231,"minecraft:redstone_torch":1,"minecraft:birch_slab":20,"vs_eureka:birch_ship_helm":1,"sons_of_sins:flesh_of_demise":1,"vs_eureka:engine":2,"minecraft:bone_meal":10,"minecraft:oak_trapdoor":1,"minecraft:oak_fence":28,"minecraft:stone_sword":186,"biomesoplenty:redwood_planks":92,"securitycraft:keypad_chest":2,"minecraft:spruce_planks":53,"securitycraft:keypad_door_item":1,"minecraft:torch":58,"minecraft:dirt":121,"scalinghealth:heart_crystal":2,"minecraft:spruce_stairs":26,"minecraft:cobblestone_wall":89,"minecraft:spruce_fence":215,"minecraft:oak_fence_gate":2,"securitycraft:reinforced_birch_stairs":142,"minecraft:iron_axe":250,"securitycraft:reinforced_spruce_stairs":61,"securitycraft:universal_block_modifier":4,"securitycraft:reinforced_lantern":82,"securitycraft:sentry":21,"securitycraft:reinforced_glass":89,"biomesoplenty:redwood_slab":29,"minecraft:water_bucket":221,"minecraft:lead":4,"securitycraft:reinforced_spruce_log":141,"minecraft:spruce_fence_gate":2,"securitycraft:scanner_door_item":1,"minecraft:cracked_stone_bricks":3,"calebs_delight:taco":1,"minecraft:crafting_table":5,"minecraft:oak_slab":34,"minecraft:lime_bed":1,"minecraft:spruce_log":6,"minecraft:apple":1,"minecraft:iron_pickaxe":257,"minecraft:spruce_sapling":18,"minecraft:stone_axe":308,"vs_eureka:balloon":41,"minecraft:cobblestone":8,"minecraft:bucket":174,"securitycraft:reinforced_birch_planks":1076},"minecraft:killed":{"apocalypsenow:runner_49":2,"minecraft:spider":5,"apocalypsenow:walker_26":1,"zombie_extreme:divided":1,"minecraft:skeleton":8,"apocalypsenow:runner_41":1,"apocalypsenow:runner_45":1,"zombie_extreme:infected_hazmat":2,"apocalypsenow:walker_23":2,"apocalypsenow:walker_7":1,"apocalypsenow:runner_54":1,"minecraft:creeper":5,"apocalypsenow:walker_5":2,"minecraft:zombie":6,"apocalypsenow:walker_12":1,"apocalypsenow:walker_13":2,"apocalypsenow:runner_43":1,"zombie_extreme:infected_police":2,"apocalypsenow:walker_24":1,"minecraft:blaze":1,"apocalypsenow:runner_37":1,"apocalypsenow:walker_1":1,"apocalypsenow:looter_2":1,"apocalypsenow:walker_18":1,"apocalypsenow:runner_53":2,"minecraft:drowned":5,"apocalypsenow:runner_38":1,"zombie_extreme:runner":5,"apocalypsenow:walker_4":2,"apocalypsenow:walker_30":1,"zombie_extreme:crawler":1,"apocalypsenow:walker_20":1,"zombie_extreme:infected_military":1,"zombie_extreme:infected":1,"apocalypsenow:runner_40":2,"apocalypsenow:walker_32":2,"apocalypsenow:cannibal":1,"apocalypsenow:walker_27":2,"apocalypsenow:runner_48":1,"apocalypsenow:crawler_2":1,"apocalypsenow:runner_36":2,"apocalypsenow:runner_51":1,"apocalypsenow:walker_28":3,"apocalypsenow:walker_31":2,"apocalypsenow:walker_2":1},"minecraft:crafted":{"minecraft:smooth_stone":10,"minecraft:oak_planks":156,"minecraft:birch_slab":6,"biomesoplenty:redwood_slab":6,"minecraft:stone":65,"minecraft:glass":6,"minecraft:chest":7,"minecraft:stone_hoe":1,"minecraft:oak_fence":27,"minecraft:oak_slab":42,"minecraft:crafting_table":2,"minecraft:spruce_planks":456,"vs_eureka:oak_ship_helm":1,"minecraft:paper":30,"minecraft:birch_fence":3,"minecraft:stick":88,"minecraft:iron_pickaxe":1,"minecraft:gold_ingot":19,"minecraft:spruce_fence_gate":2,"minecraft:shears":1,"vs_eureka:birch_ship_helm":1,"minecraft:furnace":2,"minecraft:blast_furnace":1,"minecraft:bone_meal":15,"minecraft:spruce_fence":27,"minecraft:glass_pane":16,"minecraft:oak_trapdoor":2,"minecraft:spruce_stairs":40,"vs_eureka:engine":1,"minecraft:iron_axe":1,"minecraft:ladder":9,"vs_eureka:ballast":14,"biomesoplenty:redwood_planks":28,"vs_eureka:balloon":26,"biomesoplenty:redwood_fence":3,"minecraft:iron_sword":1,"minecraft:stone_axe":1,"minecraft:air":0,"minecraft:oak_fence_gate":2,"apocalypsenow:cooked_human_flesh":3,"minecraft:iron_shovel":1,"minecraft:torch":36},"minecraft:mined":{"minecraft:spruce_planks":15,"minecraft:grass_block":99,"minecraft:exposed_cut_copper_stairs":15,"minecraft:spawner":1,"minecraft:fire":11,"biomesoplenty:lavender":1,"biomesoplenty:redwood_log":7,"minecraft:iron_bars":11,"minecraft:quartz_block":9,"minecraft:exposed_copper":3,"minecraft:kelp_plant":1,"minecraft:poppy":1,"minecraft:cobblestone":22,"minecraft:sugar_cane":49,"minecraft:oak_planks":33,"minecraft:weathered_cut_copper_stairs":1,"vs_eureka:balloon":16,"vs_eureka:oak_ship_helm":1,"minecraft:wheat":11,"minecraft:tnt":3,"minecraft:grass":48,"minecraft:oak_log":42,"minecraft:sand":53,"minecraft:dirt":10,"minecraft:oak_leaves":314,"minecraft:ladder":2,"minecraft:spruce_fence":1,"minecraft:birch_slab":1,"minecraft:spruce_leaves":15,"minecraft:kelp":4,"minecraft:sandstone":60,"vs_eureka:ballast":17,"minecraft:spruce_sapling":2,"minecraft:furnace":1,"minecraft:snow":9,"minecraft:bookshelf":7,"minecraft:potatoes":1,"minecraft:lantern":1,"minecraft:stone":184,"vs_eureka:floater":35,"minecraft:oak_slab":6,"biomesoplenty:redwood_planks":27,"minecraft:dandelion":4,"minecraft:oak_fence":5,"minecraft:crafting_table":1,"minecraft:stone_slab":1,"minecraft:tall_grass":3,"minecraft:copper_ore":3,"biomesoplenty:sprout":42,"minecraft:lapis_ore":1,"minecraft:spruce_stairs":1,"biomesoplenty:redwood_slab":4,"zombie_extreme:ore_tin":4,"minecraft:cobblestone_wall":97,"minecraft:ice":6,"minecraft:spruce_log":302,"minecraft:birch_leaves":2,"minecraft:coal_ore":57,"minecraft:sunflower":6,"minecraft:cobweb":1,"minecraft:cracked_stone_bricks":8,"minecraft:terracotta":1,"minecraft:stone_bricks":123,"minecraft:mossy_stone_bricks":5,"vs_eureka:engine":1},"minecraft:broken":{"minecraft:shears":1,"minecraft:iron_boots":1,"minecraft:stone_pickaxe":5,"minecraft:stone_axe":1,"minecraft:iron_sword":1,"minecraft:stone_sword":1,"minecraft:iron_axe":1,"minecraft:iron_pickaxe":1,"minecraft:iron_helmet":1,"zombie_extreme:frying_pan":2},"minecraft:picked_up":{"minecraft:iron_chestplate":2,"minecraft:wheat":8,"minecraft:exposed_copper":2,"minecraft:stone_slab":1,"minecraft:enchanted_book":2,"minecraft:string":22,"minecraft:raw_copper":10,"minecraft:iron_leggings":2,"biomesoplenty:redwood_slab":3,"minecraft:bucket":1,"securitycraft:reinforced_spruce_planks":264,"minecraft:spruce_planks":11,"securitycraft:keycard_lv1":1,"minecraft:redstone_torch":1,"minecraft:iron_pickaxe":1,"minecraft:iron_boots":2,"minecraft:furnace":1,"minecraft:stick":20,"apotheosis:gem":11,"minecraft:oak_fence":4,"minecraft:torch":3,"minecraft:spruce_stairs":1,"calebs_delight:taco":1,"tombstone:grave_dust":21,"minecraft:quartz_block":9,"minecraft:stone_sword":1,"minecraft:rotten_flesh":169,"zombie_extreme:rotten_apple":5,"minecraft:blaze_rod":1,"minecraft:iron_bars":9,"minecraft:snowball":12,"minecraft:cobblestone":202,"minecraft:brown_wool":1,"minecraft:potato":2,"minecraft:lapis_lazuli":6,"minecraft:dirt":108,"minecraft:lantern":2,"securitycraft:sentry":3,"minecraft:bone":5,"minecraft:exposed_cut_copper_stairs":22,"apocalypsenow:human_flesh":2,"minecraft:wheat_seeds":27,"minecraft:mossy_stone_bricks":8,"minecraft:stone_hoe":1,"minecraft:oak_planks":29,"minecraft:sand":53,"minecraft:diamond_block":2,"sons_of_sins:flesh_of_demise":1,"minecraft:bundle":3,"minecraft:crossbow":3,"minecraft:grass":6,"vs_eureka:ballast":15,"minecraft:oak_sapling":9,"minecraft:oak_leaves":208,"biomesoplenty:redwood_log":7,"minecraft:crafting_table":3,"minecraft:ladder":3,"minecraft:turtle_helmet":2,"zombie_extreme:raw_tin":4,"minecraft:stone_brick_wall":1,"minecraft:gold_block":1,"minecraft:shield":1,"minecraft:item_frame":4,"minecraft:cracked_stone_bricks":6,"biomesoplenty:sprout":3,"minecraft:poppy":1,"minecraft:sugar_cane":89,"vs_eureka:engine":1,"minecraft:sandstone":44,"minecraft:carrot":1,"biomesoplenty:redwood_planks":53,"minecraft:arrow":10,"tombstone:essence_of_undeath":1,"minecraft:gold_ingot":7,"minecraft:leather":1,"minecraft:birch_planks":20,"minecraft:oak_log":41,"scalinghealth:bandages":2,"minecraft:gunpowder":3,"minecraft:cobblestone_wall":98,"scalinghealth:heart_crystal":4,"tombstone:gift":2,"minecraft:apple":1,"minecraft:stone_bricks":125,"minecraft:kelp":4,"vs_eureka:balloon":15,"minecraft:iron_ingot":7,"minecraft:stone_pickaxe":2,"securitycraft:universal_block_reinforcer_lvl1":1,"zombie_extreme:cloth":1,"minecraft:book":21,"minecraft:oak_slab":2,"scalinghealth:heart_crystal_shard":8,"vs_eureka:oak_ship_helm":2,"minecraft:dandelion":3,"minecraft:spruce_sapling":18,"minecraft:spruce_log":298,"minecraft:spider_eye":1,"vs_eureka:floater":40,"minecraft:stone_axe":1,"minecraft:iron_helmet":2,"minecraft:coal":56,"minecraft:sunflower":5}},"DataVersion":3120}