{"stats":{"minecraft:picked_up":{"minecraft:iron_chestplate":1,"apotheosis:gem":1,"minecraft:turtle_helmet":1,"tombstone:grave_dust":1,"securitycraft:sentry":9,"securitycraft:scanner_door_item":1,"minecraft:leather_boots":1,"minecraft:stone_sword":1,"minecraft:rotten_flesh":110,"apocalypsenow:human_flesh":13},"minecraft:killed":{"apocalypsenow:walker_26":1,"apocalypsenow:walker_20":1,"apocalypsenow:walker_19":1,"apocalypsenow:runner_43":1,"apocalypsenow:looter_1":1,"apocalypsenow:runner_42":1,"apocalypsenow:runner_47":1,"apocalypsenow:walker_9":1,"naturalist:dragonfly":2,"apocalypsenow:walker_1":1,"apocalypsenow:runner_52":1,"kevin_trophy:spitter_zombie":1,"apocalypsenow:runner_38":1,"apocalypsenow:runner_34":1,"apocalypsenow:runner_35":3,"apocalypsenow:walker_31":1,"apocalypsenow:runner_55":1,"apocalypsenow:walker_14":1},"minecraft:used":{"securitycraft:reinforced_birch_stairs":30,"securitycraft:reinforced_spruce_slab":1272,"jeg:combat_rifle":303,"securitycraft:reinforced_spruce_planks":376,"securitycraft:reinforced_spruce_log":63,"securitycraft:sentry":19,"securitycraft:reinforced_lantern":10,"securitycraft:reinforced_birch_planks":121,"securitycraft:universal_block_remover":1,"securitycraft:reinforced_black_carpet":320,"minecraft:spruce_fence":76,"securitycraft:reinforced_black_wool":391},"minecraft:custom":{"minecraft:time_since_rest":67097,"minecraft:sprint_one_cm":66219,"minecraft:walk_one_cm":163633,"minecraft:mob_kills":24,"minecraft:fly_one_cm":591291,"minecraft:open_chest":1,"minecraft:crouch_one_cm":188,"minecraft:play_time":134741,"tombstone:undead_killed":18,"minecraft:sneak_time":1015,"minecraft:jump":332,"minecraft:leave_game":2,"minecraft:time_since_death":134741,"minecraft:sleep_in_bed":2,"minecraft:total_world_time":134741}},"DataVersion":3120}