{"stats":{"minecraft:custom":{"minecraft:mob_kills":258,"minecraft:inspect_hopper":4,"minecraft:damage_dealt_resisted":0,"minecraft:leave_game":3,"minecraft:time_since_death":342814,"minecraft:sleep_in_bed":2,"minecraft:time_since_rest":275170,"minecraft:sprint_one_cm":161099,"minecraft:walk_one_cm":731620,"minecraft:use_wand":23388,"minecraft:damage_dealt":30,"minecraft:fly_one_cm":1151969,"minecraft:open_chest":2,"minecraft:crouch_one_cm":915,"minecraft:play_time":342814,"tombstone:undead_killed":232,"minecraft:sneak_time":3216,"minecraft:walk_under_water_one_cm":9555,"tombstone:villager_killed":2,"minecraft:jump":1050,"minecraft:walk_on_water_one_cm":16319,"minecraft:total_world_time":342814},"minecraft:used":{"minecraft:oak_trapdoor":16,"minecraft:oak_fence":31,"minecraft:water_bucket":2,"minecraft:dirt_path":1629,"scorchedguns:lg8_grenade_launcher":32,"securitycraft:reinforced_spruce_slab":1282,"jeg:combat_rifle":333,"securitycraft:reinforced_spruce_planks":377,"securitycraft:keypad_chest":3,"securitycraft:reinforced_spruce_log":63,"minecraft:spruce_planks":14,"minecraft:stone":12390,"securitycraft:scanner_door_item":1,"minecraft:oak_leaves":11,"minecraft:dirt":2125,"securitycraft:reinforced_stone_bricks":190,"minecraft:oak_slab":118,"minecraft:hopper":17,"securitycraft:universal_block_remover":1,"minecraft:campfire":5,"minecraft:stone_brick_wall":19,"securitycraft:reinforced_black_carpet":450,"minecraft:spruce_fence":123,"securitycraft:reinforced_black_wool":548,"minecraft:stone_brick_slab":283,"minecraft:netherite_shovel":1093,"securitycraft:reinforced_birch_stairs":30,"minecraft:oak_stairs":4,"minecraft:lantern":58,"minecraft:grass_block":7032,"constructionwand:infinity_wand":632,"securitycraft:reinforced_spruce_stairs":2,"securitycraft:universal_block_modifier":2,"minecraft:stone_bricks":923,"securitycraft:reinforced_lantern":20,"securitycraft:sentry":27,"minecraft:bucket":2,"securitycraft:reinforced_birch_planks":136,"biomesoplenty:fir_log":19},"minecraft:killed":{"minecraft:pig":1,"apocalypsenow:walker_20":1,"apocalypsenow:crawler_3":1,"apocalypsenow:walker_19":27,"naturalist:firefly":1,"apocalypsenow:runner_40":3,"apocalypsenow:looter_1":1,"apocalypsenow:runner_37":3,"naturalist:dragonfly":2,"apocalypsenow:walker_1":2,"apocalypsenow:walker_9":3,"apocalypsenow:runner_52":2,"apocalypsenow:walker_11":2,"apocalypsenow:horde_5":2,"minecraft:wandering_trader":2,"apocalypsenow:walker_21":1,"apocalypsenow:runner_54":2,"apocalypsenow:runner_39":1,"apocalypsenow:runner_50":8,"apocalypsenow:runner_35":29,"minecraft:creeper":2,"apocalypsenow:walker_5":1,"apocalypsenow:walker_14":1,"apocalypsenow:walker_26":21,"minecraft:sheep":4,"apocalypsenow:cannibal":1,"apocalypsenow:walker_27":7,"minecraft:trader_llama":3,"apocalypsenow:horde_1":1,"kevin_trophy:crawler_zombie":1,"apocalypsenow:walker_16":1,"apocalypsenow:walker_12":15,"apocalypsenow:walker_13":7,"apocalypsenow:walker_15":2,"apocalypsenow:walker_17":9,"apocalypsenow:runner_47":1,"apocalypsenow:runner_43":12,"apocalypsenow:runner_42":1,"apocalypsenow:runner_46":4,"apocalypsenow:runner_45":20,"apocalypsenow:crawler_2":1,"apocalypsenow:runner_36":8,"kevin_trophy:spitter_zombie":1,"apocalypsenow:runner_38":1,"apocalypsenow:runner_51":1,"apocalypsenow:runner_34":29,"apocalypsenow:walker_31":1,"apocalypsenow:runner_55":1,"apocalypsenow:walker_8":1},"minecraft:picked_up":{"minecraft:iron_chestplate":1,"minecraft:allium":4,"minecraft:turtle_helmet":1,"minecraft:lead":1,"minecraft:cornflower":1,"minecraft:lantern":4,"securitycraft:sentry":11,"securitycraft:scanner_door_item":1,"minecraft:leather_boots":1,"minecraft:wheat_seeds":5,"apocalypsenow:human_flesh":13,"minecraft:rose_bush":1,"minecraft:poppy":1,"minecraft:stick":4,"apotheosis:gem":2,"minecraft:torch":1,"tombstone:grave_dust":3,"minecraft:leather_helmet":1,"minecraft:stone_sword":1,"minecraft:rotten_flesh":123,"minecraft:peony":21,"tombstone:magic_scroll":1,"minecraft:mutton":2,"minecraft:white_wool":1}},"DataVersion":3120}