{"stats":{"minecraft:dropped":{"minecraft:stone_hoe":1,"vs_eureka:floater":9,"tombstone:grave_dust":2,"minecraft:dandelion":1,"minecraft:kelp":4,"apotheosis:gem":5,"minecraft:stone_pickaxe":1},"minecraft:killed_by":{"minecraft:blaze":1},"minecraft:used":{"minecraft:stone_sword":112,"biomesoplenty:redwood_planks":92,"minecraft:chest":2,"minecraft:iron_sword":47,"minecraft:rotten_flesh":26,"minecraft:torch":2,"minecraft:dirt":1,"minecraft:cobblestone_wall":2,"vs_eureka:oak_ship_helm":2,"zombie_extreme:frying_pan":470,"minecraft:stone_bricks":45,"minecraft:furnace":1,"biomesoplenty:redwood_slab":29,"minecraft:water_bucket":6,"minecraft:stone_pickaxe":368,"minecraft:oak_planks":1,"vs_eureka:ballast":16,"minecraft:crafting_table":2,"minecraft:crossbow":10,"minecraft:redstone_torch":1,"minecraft:birch_slab":20,"minecraft:iron_pickaxe":1,"vs_eureka:birch_ship_helm":1,"minecraft:stone_axe":184,"minecraft:cobblestone":8,"minecraft:bucket":7},"minecraft:mined":{"minecraft:spruce_planks":3,"minecraft:grass_block":1,"minecraft:spruce_fence":1,"minecraft:exposed_cut_copper_stairs":15,"minecraft:birch_slab":1,"minecraft:kelp":4,"minecraft:sandstone":60,"minecraft:spawner":1,"vs_eureka:ballast":10,"minecraft:furnace":1,"minecraft:fire":11,"biomesoplenty:lavender":1,"minecraft:bookshelf":7,"biomesoplenty:redwood_log":7,"minecraft:iron_bars":2,"minecraft:stone":123,"vs_eureka:floater":35,"biomesoplenty:redwood_planks":27,"minecraft:quartz_block":9,"minecraft:exposed_copper":3,"minecraft:kelp_plant":1,"minecraft:dandelion":1,"minecraft:crafting_table":1,"minecraft:stone_slab":1,"minecraft:tall_grass":3,"minecraft:copper_ore":3,"minecraft:cobblestone":20,"minecraft:sugar_cane":2,"minecraft:oak_planks":28,"minecraft:weathered_cut_copper_stairs":1,"biomesoplenty:redwood_slab":4,"vs_eureka:oak_ship_helm":1,"minecraft:birch_leaves":2,"minecraft:tnt":3,"minecraft:grass":2,"minecraft:oak_log":37,"minecraft:coal_ore":37,"minecraft:sand":4,"minecraft:dirt":2,"minecraft:cobweb":1,"minecraft:cracked_stone_bricks":4,"minecraft:stone_bricks":81,"minecraft:mossy_stone_bricks":4,"minecraft:oak_leaves":1},"minecraft:crafted":{"minecraft:oak_planks":16,"vs_eureka:birch_ship_helm":1,"minecraft:birch_slab":6,"minecraft:furnace":1,"biomesoplenty:redwood_slab":6,"minecraft:stone":44,"minecraft:chest":2,"vs_eureka:ballast":11,"minecraft:oak_fence":3,"minecraft:oak_slab":6,"biomesoplenty:redwood_planks":28,"biomesoplenty:redwood_fence":3,"minecraft:stone_axe":1,"minecraft:air":0,"vs_eureka:oak_ship_helm":1,"minecraft:birch_fence":3,"minecraft:stick":20,"minecraft:iron_pickaxe":1,"minecraft:gold_ingot":9},"minecraft:picked_up":{"biomesoplenty:redwood_log":7,"minecraft:iron_chestplate":2,"minecraft:crafting_table":3,"minecraft:exposed_copper":2,"minecraft:stone_slab":1,"minecraft:stone_brick_wall":1,"minecraft:gold_block":1,"minecraft:enchanted_book":2,"minecraft:string":22,"minecraft:raw_copper":10,"minecraft:iron_leggings":2,"minecraft:item_frame":2,"minecraft:cracked_stone_bricks":2,"biomesoplenty:redwood_slab":3,"minecraft:bucket":1,"minecraft:redstone_torch":1,"minecraft:sugar_cane":10,"minecraft:furnace":1,"minecraft:iron_boots":2,"minecraft:stick":4,"minecraft:sandstone":44,"apotheosis:gem":9,"minecraft:torch":2,"tombstone:grave_dust":16,"minecraft:quartz_block":8,"biomesoplenty:redwood_planks":53,"minecraft:arrow":4,"minecraft:rotten_flesh":95,"zombie_extreme:rotten_apple":1,"minecraft:gold_ingot":7,"minecraft:blaze_rod":1,"minecraft:iron_bars":3,"minecraft:cobblestone":139,"minecraft:birch_planks":20,"minecraft:oak_log":37,"minecraft:gunpowder":1,"minecraft:cobblestone_wall":3,"minecraft:dirt":2,"minecraft:lantern":1,"tombstone:gift":2,"minecraft:exposed_cut_copper_stairs":22,"minecraft:stone_bricks":83,"minecraft:kelp":4,"minecraft:stone_pickaxe":2,"minecraft:mossy_stone_bricks":6,"minecraft:oak_planks":22,"minecraft:stone_hoe":1,"minecraft:book":21,"vs_eureka:oak_ship_helm":2,"minecraft:dandelion":1,"minecraft:sand":4,"minecraft:diamond_block":2,"minecraft:spider_eye":1,"minecraft:bundle":3,"minecraft:stone_axe":1,"vs_eureka:floater":40,"minecraft:iron_helmet":2,"minecraft:crossbow":2,"vs_eureka:ballast":9,"minecraft:coal":36},"minecraft:killed":{"minecraft:spider":5,"zombie_extreme:divided":1,"minecraft:skeleton":7,"minecraft:drowned":5,"zombie_extreme:runner":1,"zombie_extreme:infected_hazmat":1,"minecraft:creeper":4,"minecraft:zombie":6,"zombie_extreme:infected_police":1,"minecraft:blaze":1},"minecraft:custom":{"minecraft:mob_kills":373,"minecraft:interact_with_crafting_table":24,"minecraft:open_barrel":1,"minecraft:damage_dealt_resisted":83,"minecraft:leave_game":1,"minecraft:time_since_death":97153,"minecraft:climb_one_cm":7767,"minecraft:damage_resisted":0,"minecraft:sprint_one_cm":98589,"minecraft:walk_one_cm":678641,"minecraft:drop":12,"minecraft:damage_dealt_absorbed":130,"minecraft:play_time":253912,"minecraft:deaths":3,"minecraft:sneak_time":7878,"minecraft:walk_under_water_one_cm":58154,"minecraft:jump":2875,"minecraft:interact_with_brewingstand":1,"minecraft:walk_on_water_one_cm":93543,"minecraft:total_world_time":253912,"minecraft:interact_with_furnace":20,"minecraft:sleep_in_bed":2,"minecraft:time_since_rest":96917,"minecraft:damage_taken":2799,"minecraft:trigger_trapped_chest":1,"minecraft:damage_dealt":23429,"minecraft:swim_one_cm":44133,"minecraft:fly_one_cm":159951,"minecraft:open_chest":104,"minecraft:crouch_one_cm":7107,"tombstone:undead_killed":348,"minecraft:fall_one_cm":16033},"minecraft:broken":{"minecraft:stone_pickaxe":5,"minecraft:stone_axe":1,"minecraft:iron_sword":1,"zombie_extreme:frying_pan":2}},"DataVersion":3120}