{"stats":{"minecraft:killed":{"apocalypsenow:walker_27":1,"apocalypsenow:walker_13":1,"apocalypsenow:crawler_1":1,"apocalypsenow:walker_17":1,"apocalypsenow:walker_10":3,"apocalypsenow:runner_49":1,"apocalypsenow:runner_52":1,"minecraft:spider":1,"apocalypsenow:runner_35":1,"apocalypsenow:runner_54":2,"apocalypsenow:walker_31":2,"minecraft:creeper":1,"apocalypsenow:walker_8":2},"minecraft:mined":{"biomesoplenty:redwood_planks":1,"biomesoplenty:redwood_log":7,"minecraft:dirt":1,"minecraft:cobblestone":3},"minecraft:used":{"biomesoplenty:redwood_planks":14,"minecraft:stone_pickaxe":3,"minecraft:rotten_flesh":7,"vs_eureka:birch_ship_helm":1,"zombie_extreme:frying_pan":55,"minecraft:stone_bricks":1,"minecraft:stone_axe":12,"minecraft:dirt":1,"minecraft:crossbow":8,"apocalypsenow:human_flesh":1,"apocalypsenow:night_stick":7},"minecraft:crafted":{"minecraft:birch_fence":3,"minecraft:stick":8,"vs_eureka:birch_ship_helm":1,"biomesoplenty:redwood_planks":28,"biomesoplenty:redwood_fence":3,"minecraft:birch_slab":6,"biomesoplenty:redwood_slab":6,"minecraft:stone_axe":1},"minecraft:custom":{"minecraft:time_since_rest":23926,"minecraft:interact_with_furnace":4,"minecraft:sprint_one_cm":42345,"minecraft:damage_taken":741,"minecraft:walk_one_cm":160122,"minecraft:mob_kills":17,"minecraft:damage_dealt":2441,"minecraft:swim_one_cm":17738,"minecraft:interact_with_crafting_table":4,"minecraft:fly_one_cm":73086,"minecraft:open_barrel":1,"minecraft:open_chest":28,"minecraft:crouch_one_cm":990,"minecraft:play_time":66104,"tombstone:undead_killed":15,"minecraft:deaths":1,"minecraft:sneak_time":556,"minecraft:walk_under_water_one_cm":14106,"minecraft:jump":352,"minecraft:interact_with_brewingstand":1,"minecraft:climb_one_cm":1375,"minecraft:walk_on_water_one_cm":14658,"minecraft:time_since_death":26325,"minecraft:sleep_in_bed":2,"minecraft:total_world_time":66104,"minecraft:damage_resisted":0,"minecraft:fall_one_cm":5354},"minecraft:picked_up":{"biomesoplenty:redwood_log":7,"minecraft:iron_chestplate":2,"apotheosis:gem":1,"minecraft:birch_planks":20,"minecraft:enchanted_book":2,"tombstone:grave_dust":1,"minecraft:iron_leggings":2,"tombstone:gift":2,"minecraft:gunpowder":1,"minecraft:string":1,"minecraft:dirt":1,"biomesoplenty:redwood_planks":30,"minecraft:rotten_flesh":11,"minecraft:stone_bricks":1,"minecraft:stone_axe":1,"minecraft:iron_helmet":2,"minecraft:crossbow":2,"minecraft:stone_pickaxe":1,"minecraft:gold_ingot":7,"minecraft:iron_boots":2,"minecraft:cobblestone":3}},"DataVersion":3120}