{"stats":{"minecraft:killed":{"apocalypsenow:looter_1":1,"apocalypsenow:runner_37":1,"apocalypsenow:walker_1":1,"minecraft:spider":2,"apocalypsenow:walker_29":1,"apocalypsenow:horde_5":1,"apocalypsenow:walker_26":1,"apocalypsenow:horde_1":1,"apocalypsenow:runner_41":1,"apocalypsenow:runner_46":1,"apocalypsenow:runner_45":1,"minecraft:silverfish":1,"apocalypsenow:runner_53":2,"apocalypsenow:walker_33":1,"minecraft:drowned":1,"apocalypsenow:walker_4":1,"zombie_extreme:infected":1,"apocalypsenow:walker_9":1,"apocalypsenow:walker_32":1,"apocalypsenow:walker_5":2,"apocalypsenow:walker_17":1,"apocalypsenow:runner_43":2,"apocalypsenow:runner_44":1,"apocalypsenow:crawler_2":1},"minecraft:killed_by":{"minecraft:player":1,"apocalypsenow:runner_34":1,"apocalypsenow:walker_12":1,"apocalypsenow:walker_5":1},"minecraft:mined":{"minecraft:brewing_stand":1,"minecraft:grass_block":30,"minecraft:spruce_fence":1,"minecraft:sandstone":1,"minecraft:spawner":1,"minecraft:hay_block":2,"minecraft:carrots":1,"minecraft:furnace":1,"minecraft:potatoes":1,"biomesoplenty:redwood_log":98,"minecraft:stone":50,"biomesoplenty:jacaranda_leaves":1,"biomesoplenty:redwood_planks":2,"minecraft:glass_pane":4,"minecraft:crafting_table":1,"minecraft:torch":2,"minecraft:tall_grass":1,"minecraft:glass":2,"minecraft:cobblestone":1,"biomesoplenty:sprout":3,"minecraft:spruce_stairs":1,"minecraft:birch_log":12,"minecraft:birch_leaves":2,"minecraft:yellow_bed":5,"minecraft:grass":4,"biomesoplenty:clover":1,"minecraft:coal_ore":18,"minecraft:dirt":15,"minecraft:cobweb":6,"minecraft:stone_bricks":5},"minecraft:used":{"minecraft:stone_sword":55,"minecraft:armor_stand":1,"minecraft:stone_shovel":72,"biomesoplenty:redwood_planks":51,"minecraft:iron_sword":171,"minecraft:rotten_flesh":39,"minecraft:iron_chestplate":1,"minecraft:torch":2,"minecraft:brewing_stand":1,"minecraft:dirt":40,"minecraft:spruce_stairs":2,"minecraft:spruce_fence":1,"minecraft:iron_helmet":1,"minecraft:iron_boots":1,"zombie_extreme:frying_pan":9,"minecraft:stone_bricks":4,"minecraft:furnace":2,"tombstone:gift":2,"minecraft:cooked_beef":5,"minecraft:iron_leggings":1,"apocalypsenow:hammer_axe":53,"minecraft:stone_pickaxe":37,"minecraft:oak_planks":6,"minecraft:wooden_pickaxe":46,"minecraft:crafting_table":1,"minecraft:cake":1,"minecraft:bread":9,"minecraft:map":1,"zombie_extreme:pipe":3,"minecraft:stone_axe":106,"minecraft:cobblestone":17,"minecraft:yellow_bed":3},"minecraft:crafted":{"minecraft:oak_planks":4,"minecraft:stone_pickaxe":1,"apocalypsenow:plastic":1,"minecraft:wheat":18,"minecraft:crafting_table":1,"biomesoplenty:redwood_planks":96,"minecraft:wooden_pickaxe":1,"minecraft:birch_planks":52,"minecraft:stone_axe":1,"minecraft:bread":6,"minecraft:air":0,"minecraft:stick":16,"minecraft:iron_ingot":1,"minecraft:stone_sword":1,"minecraft:torch":36},"minecraft:custom":{"minecraft:mob_kills":32,"minecraft:interact_with_crafting_table":6,"minecraft:open_barrel":1,"minecraft:damage_dealt_resisted":0,"minecraft:eat_cake_slice":9,"minecraft:leave_game":1,"minecraft:time_since_death":14637,"minecraft:damage_resisted":457,"minecraft:climb_one_cm":4672,"minecraft:sprint_one_cm":268343,"minecraft:walk_one_cm":336036,"minecraft:drop":29,"minecraft:sneak_time":611,"minecraft:play_time":114440,"minecraft:deaths":4,"minecraft:walk_under_water_one_cm":20088,"minecraft:boat_one_cm":796,"minecraft:jump":1124,"minecraft:walk_on_water_one_cm":56613,"minecraft:total_world_time":114440,"minecraft:interact_with_furnace":4,"minecraft:sleep_in_bed":2,"minecraft:time_since_rest":14018,"minecraft:damage_taken":3019,"minecraft:trigger_trapped_chest":1,"minecraft:damage_dealt":5403,"minecraft:swim_one_cm":19728,"minecraft:fly_one_cm":150259,"minecraft:open_chest":39,"minecraft:crouch_one_cm":1953,"tombstone:undead_killed":22,"minecraft:fall_one_cm":15075},"minecraft:picked_up":{"biomesoplenty:redwood_log":88,"minecraft:crafting_table":1,"minecraft:iron_chestplate":1,"minecraft:flower_pot":1,"apocalypsenow:hammer_axe":1,"minecraft:potion":1,"minecraft:brewing_stand":2,"minecraft:string":8,"minecraft:armor_stand":1,"minecraft:iron_leggings":1,"minecraft:spruce_planks":2,"apocalypsenow:rubber_hammer":1,"minecraft:redstone_torch":1,"minecraft:minecart":1,"minecraft:birch_sapling":1,"minecraft:furnace":2,"minecraft:sandstone":1,"apotheosis:gem":7,"minecraft:torch":2,"apocalypsenow:plank":1,"minecraft:spruce_stairs":4,"minecraft:spruce_fence":1,"minecraft:cake":1,"tombstone:grave_dust":3,"minecraft:carrot":4,"minecraft:rotten_flesh":50,"biomesoplenty:redwood_planks":2,"minecraft:stone_sword":1,"minecraft:stone_shovel":1,"minecraft:diamond_boots":1,"minecraft:hay_block":2,"zombie_extreme:rotten_apple":1,"apocalypsenow:slipt":1,"minecraft:saddle":1,"minecraft:gold_ingot":1,"minecraft:cobblestone":66,"minecraft:birch_log":13,"minecraft:cooked_beef":6,"minecraft:potato":2,"minecraft:birch_planks":25,"minecraft:oak_log":1,"minecraft:yellow_bed":7,"minecraft:map":1,"minecraft:dirt":40,"biomesoplenty:glowing_moss_carpet":4,"minecraft:stone_bricks":12,"minecraft:bow":4,"minecraft:wheat_seeds":2,"apocalypsenow:human_flesh":5,"minecraft:iron_ingot":4,"minecraft:stone_pickaxe":1,"minecraft:cooked_chicken":1,"apocalypsenow:fire_figther_helmet":2,"jeg:tech_trash":1,"minecraft:iron_sword":3,"minecraft:oak_planks":4,"patchouli:guide_book":1,"vs_eureka:birch_ship_helm":1,"minecraft:lily_of_the_valley":1,"minecraft:spider_eye":1,"minecraft:stone_axe":1,"minecraft:iron_helmet":2,"minecraft:bread":9,"minecraft:coal":18},"minecraft:dropped":{"tombstone:scroll_of_feather_fall":1,"minecraft:iron_sword":1,"minecraft:wheat_seeds":1,"minecraft:iron_helmet":1,"minecraft:book":1,"minecraft:leather":1,"jeg:tech_trash":1,"apocalypsenow:rubber_hammer":1,"minecraft:cooked_chicken":1,"apocalypsenow:fire_figther_helmet":1,"minecraft:stone_sword":2,"vs_eureka:birch_ship_helm":1,"minecraft:birch_sapling":1,"minecraft:stone_shovel":1,"minecraft:rotten_flesh":8,"minecraft:iron_boots":1,"biomesoplenty:glowing_moss_carpet":4,"minecraft:bow":1}},"DataVersion":3120}