{"stats":{"minecraft:killed_by":{"apocalypsenow:runner_34":1,"apocalypsenow:walker_5":1},"minecraft:killed":{"apocalypsenow:looter_1":1,"apocalypsenow:walker_5":1,"apocalypsenow:runner_43":1,"apocalypsenow:crawler_2":1,"apocalypsenow:runner_53":2,"apocalypsenow:walker_4":1},"minecraft:mined":{"minecraft:crafting_table":1,"minecraft:spruce_fence":1,"minecraft:grass_block":30,"minecraft:tall_grass":1,"biomesoplenty:sprout":3,"minecraft:hay_block":2,"minecraft:spruce_stairs":1,"minecraft:birch_log":12,"minecraft:birch_leaves":2,"minecraft:yellow_bed":3,"minecraft:grass":3,"minecraft:coal_ore":18,"minecraft:dirt":15,"minecraft:cobweb":4,"minecraft:stone":50},"minecraft:used":{"minecraft:stone_sword":55,"minecraft:armor_stand":1,"minecraft:stone_shovel":72,"minecraft:stone_pickaxe":22,"minecraft:wooden_pickaxe":46,"minecraft:rotten_flesh":4,"minecraft:iron_chestplate":1,"minecraft:dirt":40,"minecraft:crafting_table":1,"minecraft:spruce_fence":1,"minecraft:map":1,"minecraft:iron_helmet":1,"minecraft:iron_boots":1,"zombie_extreme:frying_pan":9,"minecraft:stone_axe":2,"tombstone:gift":1,"minecraft:iron_leggings":1},"minecraft:crafted":{"minecraft:crafting_table":1,"minecraft:wooden_pickaxe":1,"minecraft:birch_planks":52,"minecraft:stone_axe":1,"minecraft:stick":16,"minecraft:stone_pickaxe":1,"minecraft:stone_sword":1,"minecraft:torch":36},"minecraft:custom":{"minecraft:mob_kills":9,"minecraft:interact_with_crafting_table":5,"minecraft:damage_dealt_resisted":0,"minecraft:eat_cake_slice":5,"minecraft:time_since_death":7067,"minecraft:climb_one_cm":3006,"minecraft:time_since_rest":6944,"minecraft:sprint_one_cm":94508,"minecraft:damage_taken":694,"minecraft:walk_one_cm":131225,"minecraft:drop":13,"minecraft:damage_dealt":1354,"minecraft:fly_one_cm":13353,"minecraft:open_chest":6,"minecraft:crouch_one_cm":1113,"tombstone:undead_killed":5,"minecraft:play_time":29280,"minecraft:deaths":2,"minecraft:sneak_time":262,"minecraft:walk_under_water_one_cm":253,"minecraft:jump":287,"minecraft:walk_on_water_one_cm":2500,"minecraft:total_world_time":29280,"minecraft:fall_one_cm":4073},"minecraft:picked_up":{"minecraft:birch_log":13,"minecraft:crafting_table":1,"minecraft:cooked_beef":1,"minecraft:yellow_bed":3,"minecraft:map":1,"minecraft:dirt":40,"minecraft:string":3,"biomesoplenty:glowing_moss_carpet":4,"minecraft:armor_stand":1,"minecraft:bow":1,"minecraft:iron_ingot":2,"minecraft:cooked_chicken":1,"minecraft:birch_sapling":1,"minecraft:iron_sword":1,"apotheosis:gem":1,"minecraft:spruce_stairs":1,"minecraft:spruce_fence":1,"minecraft:cake":1,"tombstone:grave_dust":1,"minecraft:stone_sword":1,"minecraft:stone_shovel":1,"minecraft:rotten_flesh":7,"minecraft:hay_block":2,"minecraft:iron_helmet":1,"minecraft:gold_ingot":1,"minecraft:coal":18,"minecraft:cobblestone":50},"minecraft:dropped":{"minecraft:cooked_chicken":1,"minecraft:stone_sword":2,"minecraft:birch_sapling":1,"minecraft:stone_shovel":1,"minecraft:iron_helmet":1,"minecraft:book":1,"minecraft:iron_boots":1,"minecraft:leather":1,"biomesoplenty:glowing_moss_carpet":4}},"DataVersion":3120}