{"stats":{"minecraft:killed":{"apocalypsenow:looter_1":1,"minecraft:spider":2,"apocalypsenow:walker_1":1,"apocalypsenow:walker_9":1,"apocalypsenow:horde_5":1,"apocalypsenow:walker_32":1,"apocalypsenow:walker_5":1,"apocalypsenow:horde_1":1,"apocalypsenow:runner_44":1,"apocalypsenow:runner_46":1,"apocalypsenow:runner_43":1,"apocalypsenow:runner_45":1,"apocalypsenow:crawler_2":1,"apocalypsenow:runner_53":2,"apocalypsenow:walker_4":1},"minecraft:killed_by":{"minecraft:player":1,"apocalypsenow:runner_34":1,"apocalypsenow:walker_5":1},"minecraft:mined":{"minecraft:brewing_stand":1,"minecraft:crafting_table":1,"minecraft:spruce_fence":1,"minecraft:grass_block":30,"minecraft:cobblestone":1,"minecraft:tall_grass":1,"biomesoplenty:sprout":3,"minecraft:hay_block":2,"minecraft:spruce_stairs":1,"minecraft:furnace":1,"minecraft:carrots":1,"minecraft:birch_log":12,"minecraft:birch_leaves":2,"minecraft:yellow_bed":3,"biomesoplenty:clover":1,"minecraft:grass":4,"minecraft:potatoes":1,"minecraft:coal_ore":18,"minecraft:dirt":15,"minecraft:cobweb":4,"minecraft:stone_bricks":1,"minecraft:stone":50},"minecraft:used":{"minecraft:stone_sword":55,"apocalypsenow:hammer_axe":53,"minecraft:armor_stand":1,"minecraft:stone_shovel":72,"minecraft:stone_pickaxe":26,"minecraft:oak_planks":6,"minecraft:wooden_pickaxe":46,"minecraft:iron_sword":30,"minecraft:rotten_flesh":4,"minecraft:iron_chestplate":1,"minecraft:torch":2,"minecraft:brewing_stand":1,"minecraft:dirt":40,"minecraft:crafting_table":1,"minecraft:spruce_stairs":2,"minecraft:spruce_fence":1,"minecraft:cake":1,"minecraft:bread":3,"minecraft:map":1,"minecraft:iron_helmet":1,"minecraft:iron_boots":1,"zombie_extreme:frying_pan":9,"minecraft:stone_bricks":4,"minecraft:stone_axe":2,"minecraft:cobblestone":13,"minecraft:furnace":2,"tombstone:gift":2,"minecraft:iron_leggings":1},"minecraft:crafted":{"minecraft:oak_planks":4,"minecraft:crafting_table":1,"minecraft:wooden_pickaxe":1,"minecraft:birch_planks":52,"minecraft:stone_axe":1,"minecraft:bread":6,"minecraft:stick":16,"minecraft:stone_pickaxe":1,"minecraft:stone_sword":1,"minecraft:torch":36,"minecraft:wheat":18},"minecraft:custom":{"minecraft:interact_with_furnace":1,"minecraft:mob_kills":18,"minecraft:open_barrel":1,"minecraft:interact_with_crafting_table":6,"minecraft:damage_dealt_resisted":0,"minecraft:eat_cake_slice":9,"minecraft:time_since_death":19240,"minecraft:climb_one_cm":3058,"minecraft:time_since_rest":17554,"minecraft:sprint_one_cm":124263,"minecraft:damage_taken":1433,"minecraft:walk_one_cm":174743,"minecraft:drop":16,"minecraft:damage_dealt":2753,"minecraft:fly_one_cm":25851,"minecraft:open_chest":13,"minecraft:crouch_one_cm":1132,"tombstone:undead_killed":13,"minecraft:play_time":53280,"minecraft:deaths":3,"minecraft:sneak_time":326,"minecraft:walk_under_water_one_cm":3885,"minecraft:jump":487,"minecraft:walk_on_water_one_cm":11567,"minecraft:total_world_time":53280,"minecraft:fall_one_cm":6611},"minecraft:picked_up":{"minecraft:birch_log":13,"minecraft:iron_chestplate":1,"minecraft:crafting_table":1,"minecraft:cooked_beef":6,"apocalypsenow:hammer_axe":1,"minecraft:birch_planks":25,"minecraft:potato":2,"minecraft:potion":1,"minecraft:oak_log":1,"minecraft:brewing_stand":2,"minecraft:yellow_bed":5,"minecraft:map":1,"minecraft:dirt":40,"minecraft:string":5,"biomesoplenty:glowing_moss_carpet":4,"minecraft:iron_leggings":1,"minecraft:armor_stand":1,"minecraft:stone_bricks":9,"minecraft:bow":2,"apocalypsenow:human_flesh":3,"minecraft:wheat_seeds":2,"minecraft:stone_pickaxe":1,"minecraft:iron_ingot":4,"minecraft:cooked_chicken":1,"apocalypsenow:rubber_hammer":1,"apocalypsenow:fire_figther_helmet":1,"minecraft:minecart":1,"minecraft:oak_planks":4,"minecraft:birch_sapling":1,"minecraft:iron_sword":2,"jeg:tech_trash":1,"minecraft:furnace":2,"apotheosis:gem":3,"patchouli:guide_book":1,"minecraft:spruce_stairs":3,"minecraft:spruce_fence":1,"minecraft:cake":1,"tombstone:grave_dust":3,"minecraft:carrot":3,"minecraft:spider_eye":1,"minecraft:stone_sword":1,"minecraft:stone_shovel":1,"minecraft:rotten_flesh":31,"minecraft:stone_axe":1,"minecraft:diamond_boots":1,"minecraft:hay_block":2,"minecraft:iron_helmet":2,"apocalypsenow:slipt":1,"minecraft:saddle":1,"minecraft:bread":9,"minecraft:gold_ingot":1,"minecraft:coal":18,"minecraft:cobblestone":66},"minecraft:dropped":{"apocalypsenow:rubber_hammer":1,"minecraft:wheat_seeds":1,"minecraft:cooked_chicken":1,"minecraft:stone_sword":2,"minecraft:birch_sapling":1,"minecraft:stone_shovel":1,"minecraft:iron_helmet":1,"minecraft:book":1,"minecraft:iron_boots":1,"minecraft:leather":1,"biomesoplenty:glowing_moss_carpet":4,"jeg:tech_trash":1}},"DataVersion":3120}