{"stats":{"minecraft:killed_by":{"apocalypsenow:runner_34":1},"minecraft:killed":{"apocalypsenow:looter_1":1,"apocalypsenow:runner_43":1,"apocalypsenow:runner_53":1},"minecraft:mined":{"minecraft:birch_log":12,"minecraft:birch_leaves":2,"minecraft:crafting_table":1,"minecraft:grass":1,"minecraft:grass_block":21,"minecraft:dirt":10,"minecraft:cobweb":2,"biomesoplenty:sprout":3,"minecraft:stone":46},"minecraft:used":{"minecraft:stone_sword":10,"minecraft:stone_shovel":58,"minecraft:wooden_pickaxe":46,"zombie_extreme:frying_pan":9,"minecraft:rotten_flesh":3,"minecraft:stone_axe":1,"minecraft:dirt":14,"minecraft:crafting_table":1,"tombstone:gift":1},"minecraft:crafted":{"minecraft:crafting_table":1,"minecraft:stick":16,"minecraft:wooden_pickaxe":1,"minecraft:stone_pickaxe":1,"minecraft:stone_sword":1,"minecraft:birch_planks":52,"minecraft:stone_axe":1},"minecraft:custom":{"minecraft:time_since_rest":3189,"minecraft:sprint_one_cm":55831,"minecraft:damage_taken":323,"minecraft:walk_one_cm":67612,"minecraft:mob_kills":5,"minecraft:damage_dealt":871,"minecraft:interact_with_crafting_table":5,"minecraft:fly_one_cm":5552,"minecraft:crouch_one_cm":1113,"minecraft:play_time":17280,"tombstone:undead_killed":2,"minecraft:deaths":1,"minecraft:sneak_time":259,"minecraft:walk_under_water_one_cm":110,"minecraft:jump":108,"minecraft:damage_dealt_resisted":0,"minecraft:walk_on_water_one_cm":1810,"minecraft:time_since_death":3387,"minecraft:climb_one_cm":2990,"minecraft:total_world_time":17280,"minecraft:fall_one_cm":1022},"minecraft:picked_up":{"minecraft:birch_log":13,"minecraft:crafting_table":1,"apotheosis:gem":1,"tombstone:grave_dust":1,"minecraft:string":2,"minecraft:dirt":31,"minecraft:rotten_flesh":3,"minecraft:stone_shovel":1,"minecraft:birch_sapling":1,"minecraft:cobblestone":46}},"DataVersion":3120}