{"stats":{"minecraft:killed":{"apocalypsenow:looter_1":1,"minecraft:spider":2,"apocalypsenow:runner_37":1,"apocalypsenow:walker_1":1,"apocalypsenow:horde_5":1,"apocalypsenow:walker_29":1,"apocalypsenow:walker_26":1,"apocalypsenow:horde_1":1,"apocalypsenow:runner_41":1,"apocalypsenow:runner_46":1,"apocalypsenow:runner_45":1,"minecraft:silverfish":1,"minecraft:drowned":1,"apocalypsenow:runner_53":2,"apocalypsenow:walker_33":1,"apocalypsenow:walker_4":1,"zombie_extreme:infected":1,"apocalypsenow:walker_9":1,"apocalypsenow:walker_32":1,"apocalypsenow:walker_5":2,"apocalypsenow:walker_17":1,"apocalypsenow:runner_43":2,"apocalypsenow:runner_44":1,"apocalypsenow:crawler_2":1},"minecraft:killed_by":{"minecraft:player":1,"apocalypsenow:runner_34":1,"apocalypsenow:walker_12":1,"minecraft:blaze":1,"minecraft:zombie":1,"apocalypsenow:walker_5":1},"minecraft:mined":{"minecraft:brewing_stand":1,"minecraft:grass_block":30,"minecraft:spruce_fence":1,"minecraft:sandstone":3,"minecraft:spawner":2,"minecraft:hay_block":2,"minecraft:furnace":1,"minecraft:carrots":1,"minecraft:fire":3,"minecraft:diamond_block":2,"minecraft:gold_block":6,"minecraft:potatoes":1,"biomesoplenty:redwood_log":98,"minecraft:stone":50,"minecraft:iron_block":8,"biomesoplenty:jacaranda_leaves":1,"biomesoplenty:redwood_planks":6,"minecraft:glass_pane":4,"minecraft:crafting_table":1,"minecraft:torch":2,"minecraft:glass":2,"minecraft:tall_grass":1,"minecraft:cobblestone":1,"biomesoplenty:sprout":3,"minecraft:spruce_stairs":1,"minecraft:birch_planks":1,"minecraft:birch_log":12,"minecraft:birch_leaves":2,"minecraft:yellow_bed":5,"minecraft:grass":4,"biomesoplenty:clover":1,"minecraft:coal_ore":18,"minecraft:dirt":15,"minecraft:cobweb":6,"minecraft:stone_bricks":16,"minecraft:mossy_stone_bricks":1,"minecraft:emerald_block":1},"minecraft:used":{"minecraft:stone_sword":55,"minecraft:armor_stand":1,"minecraft:stone_shovel":72,"biomesoplenty:redwood_planks":57,"minecraft:iron_sword":209,"minecraft:rotten_flesh":43,"minecraft:iron_chestplate":1,"minecraft:torch":3,"minecraft:brewing_stand":1,"minecraft:dirt":40,"minecraft:spruce_stairs":2,"minecraft:spruce_fence":1,"minecraft:iron_block":1,"minecraft:iron_helmet":1,"minecraft:iron_boots":1,"zombie_extreme:frying_pan":9,"minecraft:stone_bricks":4,"minecraft:furnace":2,"tombstone:gift":3,"minecraft:cooked_beef":5,"minecraft:iron_leggings":1,"minecraft:water_bucket":3,"apocalypsenow:hammer_axe":53,"minecraft:birch_planks":13,"minecraft:stone_pickaxe":48,"minecraft:oak_planks":6,"minecraft:wooden_pickaxe":46,"minecraft:sandstone":8,"minecraft:cracked_stone_bricks":1,"minecraft:crafting_table":1,"minecraft:cake":1,"minecraft:bread":9,"minecraft:iron_pickaxe":23,"minecraft:map":1,"zombie_extreme:pipe":3,"minecraft:stone_axe":112,"minecraft:cobblestone":17,"minecraft:bucket":4,"minecraft:yellow_bed":4},"minecraft:crafted":{"minecraft:oak_planks":4,"minecraft:stone_pickaxe":1,"apocalypsenow:plastic":1,"minecraft:wheat":18,"minecraft:crafting_table":1,"biomesoplenty:redwood_planks":96,"minecraft:wooden_pickaxe":1,"minecraft:bucket":1,"minecraft:birch_planks":52,"minecraft:stone_axe":1,"minecraft:bread":6,"minecraft:air":0,"minecraft:stick":20,"minecraft:iron_ingot":1,"minecraft:stone_sword":1,"minecraft:torch":40},"minecraft:custom":{"minecraft:mob_kills":32,"minecraft:interact_with_crafting_table":7,"minecraft:open_barrel":1,"minecraft:damage_dealt_resisted":0,"minecraft:eat_cake_slice":9,"minecraft:leave_game":1,"minecraft:time_since_death":56638,"minecraft:climb_one_cm":4672,"minecraft:damage_resisted":696,"minecraft:sprint_one_cm":275724,"minecraft:walk_one_cm":486473,"minecraft:drop":34,"minecraft:play_time":175933,"minecraft:deaths":6,"minecraft:sneak_time":611,"minecraft:walk_under_water_one_cm":20919,"minecraft:boat_one_cm":796,"minecraft:jump":1229,"minecraft:walk_on_water_one_cm":62801,"minecraft:total_world_time":175933,"minecraft:interact_with_furnace":4,"minecraft:sleep_in_bed":2,"minecraft:time_since_rest":56448,"minecraft:damage_taken":3724,"minecraft:trigger_trapped_chest":1,"minecraft:damage_dealt":5899,"minecraft:swim_one_cm":19728,"minecraft:fly_one_cm":153057,"minecraft:open_chest":45,"minecraft:crouch_one_cm":1953,"tombstone:undead_killed":22,"minecraft:fall_one_cm":15760},"minecraft:picked_up":{"biomesoplenty:redwood_log":88,"minecraft:crafting_table":1,"minecraft:iron_chestplate":2,"minecraft:flower_pot":1,"apocalypsenow:hammer_axe":1,"minecraft:gold_block":3,"minecraft:potion":1,"minecraft:brewing_stand":2,"minecraft:string":8,"minecraft:iron_leggings":1,"minecraft:armor_stand":1,"minecraft:spruce_planks":4,"minecraft:redstone_torch":1,"apocalypsenow:rubber_hammer":1,"minecraft:iron_pickaxe":1,"minecraft:minecart":1,"minecraft:birch_sapling":1,"minecraft:furnace":2,"minecraft:sandstone":3,"apotheosis:gem":7,"minecraft:torch":2,"apocalypsenow:plank":1,"minecraft:spruce_stairs":5,"minecraft:spruce_fence":1,"apocalypsenow:bulletproof_vest_chestplate":1,"minecraft:cake":1,"tombstone:grave_dust":3,"minecraft:carrot":4,"minecraft:rotten_flesh":50,"biomesoplenty:redwood_planks":6,"minecraft:stone_sword":1,"minecraft:stone_shovel":1,"minecraft:diamond_boots":1,"minecraft:hay_block":2,"minecraft:iron_block":5,"zombie_extreme:rotten_apple":1,"minecraft:saddle":1,"apocalypsenow:slipt":1,"minecraft:gold_ingot":1,"minecraft:cobblestone":66,"minecraft:birch_log":13,"minecraft:cooked_beef":6,"minecraft:potato":2,"minecraft:birch_planks":51,"minecraft:oak_log":1,"minecraft:yellow_bed":7,"minecraft:map":1,"minecraft:dirt":40,"biomesoplenty:glowing_moss_carpet":4,"minecraft:stone_bricks":31,"minecraft:bow":4,"apocalypsenow:human_flesh":5,"minecraft:wheat_seeds":2,"minecraft:stone_pickaxe":1,"minecraft:iron_ingot":4,"minecraft:cooked_chicken":1,"apocalypsenow:fire_figther_helmet":3,"jeg:tech_trash":1,"minecraft:iron_sword":3,"minecraft:oak_planks":4,"patchouli:guide_book":1,"zombie_extreme:whiskey":1,"vs_eureka:birch_ship_helm":1,"minecraft:diamond_block":1,"minecraft:lily_of_the_valley":1,"minecraft:spider_eye":1,"apocalypsenow:plastic":1,"minecraft:stone_axe":1,"minecraft:iron_helmet":2,"minecraft:bread":9,"minecraft:coal":18},"minecraft:dropped":{"apocalypsenow:human_flesh":4,"tombstone:scroll_of_feather_fall":1,"minecraft:iron_sword":1,"minecraft:wheat_seeds":1,"minecraft:iron_helmet":1,"minecraft:book":1,"minecraft:leather":1,"jeg:tech_trash":1,"apocalypsenow:rubber_hammer":1,"minecraft:diamond_block":1,"minecraft:cooked_chicken":1,"apocalypsenow:fire_figther_helmet":1,"minecraft:stone_sword":2,"vs_eureka:birch_ship_helm":1,"minecraft:birch_sapling":1,"minecraft:stone_shovel":1,"minecraft:rotten_flesh":8,"minecraft:iron_boots":1,"biomesoplenty:glowing_moss_carpet":4,"minecraft:bow":1}},"DataVersion":3120}