{
  "create:root": {
    "criteria": {
      "0": "2024-08-10 22:41:21 +0000"
    },
    "done": true
  },
  "vs_eureka:recipes/balloon_paper": {
    "criteria": {
      "has_paper": "2024-08-10 22:41:21 +0000"
    },
    "done": true
  },
  "vs_eureka:recipes/balloon_membrane": {
    "criteria": {
      "has_membrane": "2024-08-10 22:41:21 +0000"
    },
    "done": true
  },
  "tombstone:adventure/root": {
    "criteria": {
      "auto": "2024-08-10 22:41:24 +0000"
    },
    "done": true
  },
  "minecraft:adventure/kill_a_mob": {
    "criteria": {
      "minecraft:creeper": "2024-08-10 22:43:19 +0000"
    },
    "done": true
  },
  "cataclysm:root": {
    "criteria": {
      "custom_test_name": "2024-08-10 22:41:21 +0000"
    },
    "done": true
  },
  "minecraft:adventure/kill_all_mobs": {
    "criteria": {
      "minecraft:creeper": "2024-08-10 22:43:19 +0000",
      "minecraft:zombie": "2024-08-10 22:43:21 +0000"
    },
    "done": false
  },
  "apotheosis:give_book": {
    "criteria": {
      "tick": "2024-08-10 22:41:21 +0000"
    },
    "done": true
  },
  "naturalist:recipes/food/cooked_egg": {
    "criteria": {
      "has_eggs": "2024-08-10 22:41:21 +0000"
    },
    "done": true
  },
  "vs_eureka:recipes/balloon_color": {
    "criteria": {
      "has_red_balloon": "2024-08-10 22:41:21 +0000",
      "has_black_balloon": "2024-08-10 22:41:21 +0000",
      "has_lime_balloon": "2024-08-10 22:41:21 +0000",
      "has_cyan_balloon": "2024-08-10 22:41:21 +0000",
      "has_light_blue_balloon": "2024-08-10 22:41:21 +0000",
      "has_gray_balloon": "2024-08-10 22:41:21 +0000",
      "has_pink_balloon": "2024-08-10 22:41:21 +0000",
      "has_light_gray_balloon": "2024-08-10 22:41:21 +0000",
      "has_white_balloon": "2024-08-10 22:41:21 +0000",
      "has_blue_balloon": "2024-08-10 22:41:21 +0000",
      "has_yellow_balloon": "2024-08-10 22:41:21 +0000",
      "has_purple_balloon": "2024-08-10 22:41:21 +0000",
      "has_orange_balloon": "2024-08-10 22:41:21 +0000",
      "has_brown_balloon": "2024-08-10 22:41:21 +0000",
      "has_green_balloon": "2024-08-10 22:41:21 +0000",
      "has_magenta_balloon": "2024-08-10 22:41:21 +0000"
    },
    "done": true
  },
  "mutantmonsters:root": {
    "criteria": {
      "killed_something": "2024-08-10 22:43:19 +0000"
    },
    "done": true
  },
  "vs_eureka:recipes/ship_helm": {
    "criteria": {
      "has_gold": "2024-08-10 22:41:21 +0000"
    },
    "done": true
  },
  "minecraft:adventure/root": {
    "criteria": {
      "killed_something": "2024-08-10 22:43:19 +0000"
    },
    "done": true
  },
  "minecraft:adventure/adventuring_time": {
    "criteria": {
      "minecraft:plains": "2024-08-10 22:41:24 +0000"
    },
    "done": false
  },
  "vs_eureka:recipes/balloon_leather": {
    "criteria": {
      "has_leather": "2024-08-10 22:41:21 +0000"
    },
    "done": true
  },
  "DataVersion": 3120
}