{
  "apotheosis:affix/root": {
    "criteria": {
      "sword": "2024-08-10 22:53:47 +0000"
    },
    "done": true
  },
  "minecraft:recipes/misc/iron_nugget_from_blasting": {
    "criteria": {
      "has_iron_pickaxe": "2024-08-10 22:53:47 +0000"
    },
    "done": true
  },
  "tombstone:adventure/root": {
    "criteria": {
      "auto": "2024-08-10 22:38:53 +0000"
    },
    "done": true
  },
  "cataclysm:root": {
    "criteria": {
      "custom_test_name": "2024-08-10 22:38:49 +0000"
    },
    "done": true
  },
  "vs_eureka:recipes/balloon_color": {
    "criteria": {
      "has_red_balloon": "2024-08-10 22:38:49 +0000",
      "has_black_balloon": "2024-08-10 22:38:49 +0000",
      "has_lime_balloon": "2024-08-10 22:38:49 +0000",
      "has_cyan_balloon": "2024-08-10 22:38:49 +0000",
      "has_light_blue_balloon": "2024-08-10 22:38:49 +0000",
      "has_gray_balloon": "2024-08-10 22:38:49 +0000",
      "has_pink_balloon": "2024-08-10 22:38:49 +0000",
      "has_light_gray_balloon": "2024-08-10 22:38:49 +0000",
      "has_white_balloon": "2024-08-10 22:38:49 +0000",
      "has_blue_balloon": "2024-08-10 22:38:49 +0000",
      "has_yellow_balloon": "2024-08-10 22:38:49 +0000",
      "has_purple_balloon": "2024-08-10 22:38:49 +0000",
      "has_orange_balloon": "2024-08-10 22:38:49 +0000",
      "has_brown_balloon": "2024-08-10 22:38:49 +0000",
      "has_green_balloon": "2024-08-10 22:38:49 +0000",
      "has_magenta_balloon": "2024-08-10 22:38:49 +0000"
    },
    "done": true
  },
  "mutantmonsters:root": {
    "criteria": {
      "killed_by_something": "2024-08-10 22:43:24 +0000"
    },
    "done": true
  },
  "create:recipes/create.base/crafting/schematics/empty_schematic": {
    "criteria": {
      "has_item": "2024-08-10 22:53:49 +0000"
    },
    "done": true
  },
  "create:recipes/create.base/crafting/materials/sand_paper": {
    "criteria": {
      "has_item": "2024-08-10 22:53:49 +0000"
    },
    "done": true
  },
  "tombstone:recipes/from_grave_key": {
    "criteria": {
      "has_ingredient": "2024-08-10 22:43:27 +0000"
    },
    "done": true
  },
  "minecraft:recipes/misc/green_dye": {
    "criteria": {
      "has_cactus": "2024-08-10 22:51:53 +0000"
    },
    "done": true
  },
  "minecraft:recipes/misc/iron_nugget_from_smelting": {
    "criteria": {
      "has_iron_pickaxe": "2024-08-10 22:53:47 +0000"
    },
    "done": true
  },
  "minecraft:adventure/adventuring_time": {
    "criteria": {
      "minecraft:snowy_slopes": "2024-08-10 22:39:41 +0000",
      "minecraft:plains": "2024-08-10 22:38:53 +0000"
    },
    "done": false
  },
  "minecraft:recipes/misc/book": {
    "criteria": {
      "has_paper": "2024-08-10 22:53:49 +0000"
    },
    "done": true
  },
  "create:root": {
    "criteria": {
      "0": "2024-08-10 22:38:49 +0000"
    },
    "done": true
  },
  "minecraft:story/iron_tools": {
    "criteria": {
      "iron_pickaxe": "2024-08-10 22:53:47 +0000"
    },
    "done": true
  },
  "vs_eureka:recipes/balloon_paper": {
    "criteria": {
      "has_paper": "2024-08-10 22:38:49 +0000"
    },
    "done": true
  },
  "vs_eureka:recipes/balloon_membrane": {
    "criteria": {
      "has_membrane": "2024-08-10 22:38:49 +0000"
    },
    "done": true
  },
  "minecraft:recipes/decorations/chest": {
    "criteria": {
      "has_lots_of_items": "2024-08-10 22:53:49 +0000"
    },
    "done": true
  },
  "minecraft:recipes/decorations/cartography_table": {
    "criteria": {
      "has_paper": "2024-08-10 22:53:49 +0000"
    },
    "done": true
  },
  "create:recipes/create.base/crafting/schematics/schematic_and_quill": {
    "criteria": {
      "has_item": "2024-08-10 22:53:49 +0000"
    },
    "done": true
  },
  "apotheosis:affix/chests": {
    "criteria": {
      "sword": "2024-08-10 22:53:47 +0000"
    },
    "done": true
  },
  "tombstone:adventure/first_grave": {
    "criteria": {
      "coded_trigger": "2024-08-10 22:43:24 +0000"
    },
    "done": true
  },
  "apotheosis:give_book": {
    "criteria": {
      "tick": "2024-08-10 22:38:49 +0000"
    },
    "done": true
  },
  "naturalist:recipes/food/cooked_egg": {
    "criteria": {
      "has_eggs": "2024-08-10 22:38:49 +0000"
    },
    "done": true
  },
  "vs_eureka:recipes/ship_helm": {
    "criteria": {
      "has_gold": "2024-08-10 22:38:49 +0000"
    },
    "done": true
  },
  "minecraft:adventure/root": {
    "criteria": {
      "killed_by_something": "2024-08-10 22:43:24 +0000"
    },
    "done": true
  },
  "tombstone:adventure/cancel_ghostly_shape": {
    "criteria": {
      "coded_trigger": "2024-08-10 22:43:49 +0000"
    },
    "done": true
  },
  "create:recipes/create.base/crafting/materials/red_sand_paper": {
    "criteria": {
      "has_item": "2024-08-10 22:53:49 +0000"
    },
    "done": true
  },
  "vs_eureka:recipes/balloon_leather": {
    "criteria": {
      "has_leather": "2024-08-10 22:38:49 +0000"
    },
    "done": true
  },
  "DataVersion": 3120
}