{
  "farmersdelight:main/root": {
    "criteria": {
      "seeds": "2024-08-16 23:52:58 +0000"
    },
    "done": true
  },
  "securitycraft:recipes/securitycraft/reinforced_spruce_pressure_plate": {
    "criteria": {
      "has_block": "2024-08-17 07:01:24 +0000"
    },
    "done": true
  },
  "securitycraft:recipes/securitycraft/reinforced_birch_pressure_plate": {
    "criteria": {
      "has_block": "2024-08-17 07:01:27 +0000"
    },
    "done": true
  },
  "lootr:root": {
    "criteria": {
      "always_true": "2024-08-16 23:52:58 +0000"
    },
    "done": true
  },
  "tombstone:adventure/root": {
    "criteria": {
      "auto": "2024-08-16 23:53:00 +0000"
    },
    "done": true
  },
  "man:feelingwatched": {
    "criteria": {
      "feelingwatched": "2024-08-17 06:46:37 +0000"
    },
    "done": true
  },
  "minecraft:adventure/kill_a_mob": {
    "criteria": {
      "minecraft:blaze": "2024-08-17 06:51:36 +0000",
      "minecraft:pillager": "2024-08-17 06:51:36 +0000",
      "minecraft:skeleton": "2024-08-17 06:51:36 +0000",
      "minecraft:elder_guardian": "2024-08-17 06:51:36 +0000",
      "minecraft:zoglin": "2024-08-17 06:51:36 +0000",
      "minecraft:ravager": "2024-08-17 06:51:36 +0000",
      "minecraft:ghast": "2024-08-17 06:51:36 +0000",
      "minecraft:hoglin": "2024-08-17 06:51:36 +0000",
      "minecraft:guardian": "2024-08-17 06:51:36 +0000",
      "minecraft:vindicator": "2024-08-17 06:51:36 +0000",
      "minecraft:magma_cube": "2024-08-17 06:51:36 +0000",
      "minecraft:piglin_brute": "2024-08-17 06:51:36 +0000",
      "minecraft:spider": "2024-08-17 06:51:36 +0000",
      "minecraft:creeper": "2024-08-17 06:51:36 +0000",
      "minecraft:wither": "2024-08-17 06:51:36 +0000",
      "minecraft:evoker": "2024-08-17 06:51:36 +0000",
      "minecraft:slime": "2024-08-17 06:51:36 +0000",
      "minecraft:phantom": "2024-08-17 06:51:36 +0000",
      "minecraft:zombified_piglin": "2024-08-17 06:51:36 +0000",
      "minecraft:witch": "2024-08-17 06:51:36 +0000",
      "minecraft:wither_skeleton": "2024-08-17 06:51:36 +0000",
      "minecraft:husk": "2024-08-17 06:51:36 +0000",
      "minecraft:ender_dragon": "2024-08-17 06:51:36 +0000",
      "minecraft:shulker": "2024-08-17 06:51:36 +0000",
      "minecraft:cave_spider": "2024-08-17 06:51:36 +0000",
      "minecraft:piglin": "2024-08-17 06:51:36 +0000",
      "minecraft:enderman": "2024-08-17 06:51:36 +0000",
      "minecraft:silverfish": "2024-08-17 06:51:36 +0000",
      "minecraft:stray": "2024-08-17 06:51:36 +0000",
      "minecraft:endermite": "2024-08-17 06:51:36 +0000",
      "minecraft:vex": "2024-08-17 06:51:36 +0000",
      "minecraft:zombie": "2024-08-17 06:51:36 +0000",
      "minecraft:drowned": "2024-08-17 06:51:36 +0000",
      "minecraft:zombie_villager": "2024-08-17 06:51:36 +0000"
    },
    "done": true
  },
  "farmersdelight:recipes/farmersdelight/organic_compost_from_rotten_flesh": {
    "criteria": {
      "has_rotten_flesh": "2024-08-17 07:05:41 +0000"
    },
    "done": true
  },
  "cataclysm:root": {
    "criteria": {
      "custom_test_name": "2024-08-16 23:52:58 +0000"
    },
    "done": true
  },
  "securitycraft:recipes/securitycraft/reinforced_birch_button": {
    "criteria": {
      "has_block": "2024-08-17 07:01:27 +0000"
    },
    "done": true
  },
  "tombstone:adventure/find_grave_dust": {
    "criteria": {
      "from_undead": "2024-08-17 07:06:01 +0000"
    },
    "done": true
  },
  "tconstruct:tools/materials_and_you": {
    "criteria": {
      "crafted_book": "2024-08-16 23:52:58 +0000"
    },
    "done": true
  },
  "dungeons_arise:wda_root": {
    "criteria": {
      "WDA": "2024-08-16 23:52:58 +0000"
    },
    "done": true
  },
  "vs_eureka:recipes/balloon_color": {
    "criteria": {
      "has_red_balloon": "2024-08-16 23:52:58 +0000",
      "has_black_balloon": "2024-08-16 23:52:58 +0000",
      "has_lime_balloon": "2024-08-16 23:52:58 +0000",
      "has_cyan_balloon": "2024-08-16 23:52:58 +0000",
      "has_light_blue_balloon": "2024-08-16 23:52:58 +0000",
      "has_gray_balloon": "2024-08-16 23:52:58 +0000",
      "has_pink_balloon": "2024-08-16 23:52:58 +0000",
      "has_light_gray_balloon": "2024-08-16 23:52:58 +0000",
      "has_white_balloon": "2024-08-16 23:52:58 +0000",
      "has_blue_balloon": "2024-08-16 23:52:58 +0000",
      "has_yellow_balloon": "2024-08-16 23:52:58 +0000",
      "has_purple_balloon": "2024-08-16 23:52:58 +0000",
      "has_orange_balloon": "2024-08-16 23:52:58 +0000",
      "has_brown_balloon": "2024-08-16 23:52:58 +0000",
      "has_green_balloon": "2024-08-16 23:52:58 +0000",
      "has_magenta_balloon": "2024-08-16 23:52:58 +0000"
    },
    "done": true
  },
  "tconstruct:internal/starting_book": {
    "criteria": {
      "tick": "2024-08-16 23:52:58 +0000"
    },
    "done": true
  },
  "tombstone:adventure/ashes_and_bones": {
    "criteria": {
      "coded_trigger": "2024-08-17 07:06:01 +0000"
    },
    "done": true
  },
  "mutantmonsters:root": {
    "criteria": {
      "killed_something": "2024-08-17 06:51:36 +0000"
    },
    "done": true
  },
  "farmersdelight:recipes/farmersdelight/cooking/dog_food": {
    "criteria": {
      "has_any_ingredient": "2024-08-17 07:05:41 +0000"
    },
    "done": true
  },
  "tombstone:recipes/from_grave_dust": {
    "criteria": {
      "has_ingredient": "2024-08-17 07:06:16 +0000"
    },
    "done": true
  },
  "securitycraft:recipes/securitycraft/reinforced_spruce_wood": {
    "criteria": {
      "has_log": "2024-08-17 07:45:12 +0000"
    },
    "done": true
  },
  "biomesoplenty:biomesoplenty/all_biomes": {
    "criteria": {
      "shrubland": "2024-08-17 06:35:57 +0000",
      "marsh": "2024-08-17 06:36:08 +0000",
      "dune_beach": "2024-08-17 07:16:38 +0000",
      "seasonal_forest": "2024-08-16 23:55:51 +0000",
      "fir_clearing": "2024-08-17 06:21:56 +0000"
    },
    "done": false
  },
  "securitycraft:recipes/securitycraft/remote_access_sentry": {
    "criteria": {
      "has_sentry": "2024-08-17 07:04:02 +0000"
    },
    "done": true
  },
  "securitycraft:recipes/securitycraft/reinforced_spruce_slab": {
    "criteria": {
      "has_block": "2024-08-17 07:01:24 +0000"
    },
    "done": true
  },
  "minecraft:adventure/adventuring_time": {
    "criteria": {
      "minecraft:deep_ocean": "2024-08-17 07:00:51 +0000",
      "minecraft:beach": "2024-08-16 23:55:16 +0000",
      "minecraft:river": "2024-08-16 23:55:15 +0000",
      "minecraft:cold_ocean": "2024-08-16 23:53:00 +0000",
      "minecraft:ocean": "2024-08-17 06:58:30 +0000"
    },
    "done": false
  },
  "biomesoplenty:biomesoplenty/root": {
    "criteria": {
      "seasonal_forest": "2024-08-16 23:55:51 +0000"
    },
    "done": true
  },
  "minecraft:adventure/sleep_in_bed": {
    "criteria": {
      "slept_in_bed": "2024-08-17 06:28:34 +0000"
    },
    "done": true
  },
  "securitycraft:recipes/securitycraft/reinforced_spruce_stairs": {
    "criteria": {
      "has_block": "2024-08-17 07:01:24 +0000"
    },
    "done": true
  },
  "create:root": {
    "criteria": {
      "0": "2024-08-16 23:52:58 +0000"
    },
    "done": true
  },
  "securitycraft:recipes/securitycraft/reinforced_birch_slab": {
    "criteria": {
      "has_block": "2024-08-17 07:01:27 +0000"
    },
    "done": true
  },
  "vs_eureka:recipes/balloon_paper": {
    "criteria": {
      "has_paper": "2024-08-16 23:52:58 +0000"
    },
    "done": true
  },
  "vs_eureka:recipes/balloon_membrane": {
    "criteria": {
      "has_membrane": "2024-08-16 23:52:58 +0000"
    },
    "done": true
  },
  "minecraft:recipes/decorations/chest": {
    "criteria": {
      "has_lots_of_items": "2024-08-17 07:05:41 +0000"
    },
    "done": true
  },
  "securitycraft:recipes/securitycraft/reinforced_birch_stairs": {
    "criteria": {
      "has_block": "2024-08-17 07:01:27 +0000"
    },
    "done": true
  },
  "corail_recycler:tutorial/root": {
    "criteria": {
      "auto": "2024-08-16 23:53:00 +0000"
    },
    "done": true
  },
  "tombstone:adventure/first_knowledge": {
    "criteria": {
      "coded_trigger": "2024-08-17 07:06:01 +0000"
    },
    "done": true
  },
  "apotheosis:give_book": {
    "criteria": {
      "tick": "2024-08-16 23:52:58 +0000"
    },
    "done": true
  },
  "naturalist:recipes/food/cooked_egg": {
    "criteria": {
      "has_eggs": "2024-08-16 23:52:58 +0000"
    },
    "done": true
  },
  "securitycraft:recipes/securitycraft/reinforced_spruce_button": {
    "criteria": {
      "has_block": "2024-08-17 07:01:24 +0000"
    },
    "done": true
  },
  "vs_eureka:recipes/ship_helm": {
    "criteria": {
      "has_gold": "2024-08-16 23:52:58 +0000"
    },
    "done": true
  },
  "minecraft:adventure/root": {
    "criteria": {
      "killed_something": "2024-08-17 06:51:36 +0000"
    },
    "done": true
  },
  "mowziesmobs:root": {
    "criteria": {
      "custom_test_name": "2024-08-16 23:52:58 +0000"
    },
    "done": true
  },
  "minecraft:adventure/shoot_arrow": {
    "criteria": {
      "shot_arrow": "2024-08-17 06:51:35 +0000"
    },
    "done": true
  },
  "securitycraft:recipes/securitycraft/reinforced_spruce_planks": {
    "criteria": {
      "has_log": "2024-08-17 07:45:12 +0000"
    },
    "done": true
  },
  "vs_eureka:recipes/balloon_leather": {
    "criteria": {
      "has_leather": "2024-08-16 23:52:58 +0000"
    },
    "done": true
  },
  "DataVersion": 3120
}