{
  "biomesoplenty:biomesoplenty/root": {
    "criteria": {
      "seasonal_forest": "2024-08-16 23:55:51 +0000"
    },
    "done": true
  },
  "farmersdelight:main/root": {
    "criteria": {
      "seeds": "2024-08-16 23:52:58 +0000"
    },
    "done": true
  },
  "create:root": {
    "criteria": {
      "0": "2024-08-16 23:52:58 +0000"
    },
    "done": true
  },
  "vs_eureka:recipes/balloon_paper": {
    "criteria": {
      "has_paper": "2024-08-16 23:52:58 +0000"
    },
    "done": true
  },
  "vs_eureka:recipes/balloon_membrane": {
    "criteria": {
      "has_membrane": "2024-08-16 23:52:58 +0000"
    },
    "done": true
  },
  "lootr:root": {
    "criteria": {
      "always_true": "2024-08-16 23:52:58 +0000"
    },
    "done": true
  },
  "tombstone:adventure/root": {
    "criteria": {
      "auto": "2024-08-16 23:53:00 +0000"
    },
    "done": true
  },
  "cataclysm:root": {
    "criteria": {
      "custom_test_name": "2024-08-16 23:52:58 +0000"
    },
    "done": true
  },
  "corail_recycler:tutorial/root": {
    "criteria": {
      "auto": "2024-08-16 23:53:00 +0000"
    },
    "done": true
  },
  "apotheosis:give_book": {
    "criteria": {
      "tick": "2024-08-16 23:52:58 +0000"
    },
    "done": true
  },
  "tconstruct:tools/materials_and_you": {
    "criteria": {
      "crafted_book": "2024-08-16 23:52:58 +0000"
    },
    "done": true
  },
  "naturalist:recipes/food/cooked_egg": {
    "criteria": {
      "has_eggs": "2024-08-16 23:52:58 +0000"
    },
    "done": true
  },
  "dungeons_arise:wda_root": {
    "criteria": {
      "WDA": "2024-08-16 23:52:58 +0000"
    },
    "done": true
  },
  "vs_eureka:recipes/balloon_color": {
    "criteria": {
      "has_red_balloon": "2024-08-16 23:52:58 +0000",
      "has_black_balloon": "2024-08-16 23:52:58 +0000",
      "has_lime_balloon": "2024-08-16 23:52:58 +0000",
      "has_cyan_balloon": "2024-08-16 23:52:58 +0000",
      "has_light_blue_balloon": "2024-08-16 23:52:58 +0000",
      "has_gray_balloon": "2024-08-16 23:52:58 +0000",
      "has_pink_balloon": "2024-08-16 23:52:58 +0000",
      "has_light_gray_balloon": "2024-08-16 23:52:58 +0000",
      "has_white_balloon": "2024-08-16 23:52:58 +0000",
      "has_blue_balloon": "2024-08-16 23:52:58 +0000",
      "has_yellow_balloon": "2024-08-16 23:52:58 +0000",
      "has_purple_balloon": "2024-08-16 23:52:58 +0000",
      "has_orange_balloon": "2024-08-16 23:52:58 +0000",
      "has_brown_balloon": "2024-08-16 23:52:58 +0000",
      "has_green_balloon": "2024-08-16 23:52:58 +0000",
      "has_magenta_balloon": "2024-08-16 23:52:58 +0000"
    },
    "done": true
  },
  "tconstruct:internal/starting_book": {
    "criteria": {
      "tick": "2024-08-16 23:52:58 +0000"
    },
    "done": true
  },
  "vs_eureka:recipes/ship_helm": {
    "criteria": {
      "has_gold": "2024-08-16 23:52:58 +0000"
    },
    "done": true
  },
  "biomesoplenty:biomesoplenty/all_biomes": {
    "criteria": {
      "seasonal_forest": "2024-08-16 23:55:51 +0000"
    },
    "done": false
  },
  "mowziesmobs:root": {
    "criteria": {
      "custom_test_name": "2024-08-16 23:52:58 +0000"
    },
    "done": true
  },
  "minecraft:adventure/adventuring_time": {
    "criteria": {
      "minecraft:beach": "2024-08-16 23:55:16 +0000",
      "minecraft:river": "2024-08-16 23:55:15 +0000",
      "minecraft:cold_ocean": "2024-08-16 23:53:00 +0000"
    },
    "done": false
  },
  "vs_eureka:recipes/balloon_leather": {
    "criteria": {
      "has_leather": "2024-08-16 23:52:58 +0000"
    },
    "done": true
  },
  "DataVersion": 3120
}